2000.09798871878	1.22017647058824
2000.09966285254	1.75121568627451
2000.10217405318	6.28323529411765
2000.10217405318	3.50073529411765
2000.10301112006	5.66490196078431
2000.10301112006	5.14113725490196
2000.10301112006	4.61737254901961
2000.10301112006	4.09360784313725
2000.10635938759	2.23497058823529
2000.11018597905	2.91305882352941
2000.11724125705	7.30894117647059
2000.11841315068	6.75025882352941
2000.12109176471	7.86762352941176
2000.12310072522	10.4078823529412
2000.12310072522	9.88411764705882
2000.12462266501	8.57867379679144
2000.12644899275	9.36908235294118
2000.12644899275	10.9752941176471
2000.14271200645	4.01047058823529
2000.14319033038	5.62125490196079
2000.14319033038	5.09749019607843
2000.14319033038	4.57372549019608
2000.14385998388	3.52037647058824
2000.14462530218	6.23647058823529
2000.15591374698	3.08390588235294
2000.15993166801	6.58149019607843
2000.16088831587	7.20917647058823
2000.18336954069	7.89817647058823
2000.18336954069	5.28662745098039
2000.18336954069	4.76286274509804
2000.18336954069	4.23909803921568
2000.18336954069	3.71533333333333
2000.18336954069	1.67847058823529
2000.18489148048	2.37285561497326
2000.18671780822	5.92470588235294
2000.18671780822	1.16561764705882
2000.18783389739	8.54560784313726
2000.19245769541	3.15
2000.2101556809	6.55239215686274
2000.21216464142	9.14211764705882
2000.21283429492	7.25656470588235
2000.21424800788	9.87926797385621
2000.21618256245	11.7958588235294
2000.21685221595	11.1935294117647
2000.21685221595	10.6697647058824
2000.21685221595	8.57470588235294
2000.22153979049	12.5640470588235
2000.22354875101	8.00729411764706
2000.22354875101	13.3322352941176
2000.22689701853	5.38847058823529
2000.22689701853	4.86470588235294
2000.22689701853	4.3118431372549
2000.22689701853	3.78807843137255
2000.22881031426	6.06188235294118
2000.24698662369	1.93307843137255
2000.25033489122	6.6396862745098
2000.25033489122	2.44956862745098
2000.25200902498	7.28711764705882
2000.25301350524	3.13628235294117
2000.25591533709	1.56207843137255
2000.26372796132	5.35937254901961
2000.26372796132	4.83560784313725
2000.26372796132	4.3118431372549
2000.26372796132	3.78807843137255
2000.26707622885	7.96364705882353
2000.26707622885	5.95588235294117
2000.27109414988	8.56597647058823
2000.28828192318	2.41319607843137
2000.29051410153	6.58149019607843
2000.29386236906	7.24104575163399
2000.29386236906	3.05577777777777
2000.29721063658	10.1023529411765
2000.29721063658	9.65133333333333
2000.29721063658	9.12756862745098
2000.29960225625	10.8131764705882
2000.30055890411	2.01309803921568
2000.30055890411	3.85209411764706
2000.30055890411	3.33705882352941
2000.30055890411	12.7211764705882
2000.30390717164	8.05094117647059
2000.30390717164	5.43211764705882
2000.30390717164	4.90835294117647
2000.30390717164	4.39186274509803
2000.3062987913	8.65576470588235
2000.30725543916	7.54172549019608
2000.30725543916	6.065
2000.30916873489	12.0851764705882
2000.30948761751	11.440862745098
2000.31171979586	13.5650196078431
2000.31171979586	13.0412549019608
2000.31395197421	14.2575529411765
2000.31395197421	15.6891764705882
2000.31730024174	15.0344705882353
2000.32064850927	10.7134117647059
2000.32064850927	10.1896470588235
2000.32064850927	9.66588235294118
2000.32232264303	6.85064705882353
2000.32734504432	8.61835294117647
2000.32734504432	8.09458823529412
2000.32734504432	7.57082352941176
2000.33627375772	2.60960784313725
2000.34341672844	5.23134117647059
2000.34408638195	4.71921568627451
2000.34408638195	4.19545098039215
2000.34408638195	3.6716862745098
2000.34408638195	3.23885294117647
2000.350782917	5.93405882352941
2000.3552472737	1.64937254901961
2000.36752425463	8.70564705882353
2000.36752425463	8.18188235294117
2000.36752425463	7.65811764705882
2000.37020286865	2.32444705882353
2000.37087252216	7.13435294117647
2000.37422078969	2.88603921568627
2000.37422078969	6.55239215686274
2000.38225663175	5.92969411764706
2000.38426559226	5.35937254901961
2000.38426559226	4.83560784313725
2000.38426559226	4.3118431372549
2000.38426559226	3.78807843137255
2000.38426559226	3.27158823529411
2000.39598452861	1.88579411764706
2000.40770346495	18.6571764705882
2000.40770346495	18.1334117647059
2000.40770346495	17.6096470588235
2000.40770346495	17.0858823529412
2000.4099356433	2.66780392156862
2000.41105173247	16.5621176470588
2000.41105173247	16.0383529411765
2000.41105173247	15.5145882352941
2000.41105173247	14.9908235294118
2000.41105173247	14.4670588235294
2000.41105173247	13.9432941176471
2000.41105173247	13.4195294117647
2000.41105173247	12.8957647058824
2000.41105173247	12.372
2000.41105173247	11.8482352941176
2000.41105173247	11.3244705882353
2000.41105173247	10.8007058823529
2000.41105173247	10.2769411764706
2000.41105173247	9.75317647058823
2000.41105173247	9.22941176470588
2000.41105173247	8.70564705882353
2000.4144	8.03639215686274
2000.42109653505	7.46607058823529
2000.42109653505	6.94230588235294
2000.42109653505	6.41854117647059
2000.42109653505	5.89477647058823
2000.42109653505	5.37101176470588
2000.42109653505	4.84724705882353
2000.42109653505	4.32348235294118
2000.42109653505	3.79971764705882
2000.42300983078	3.28717647058824
2000.4525702498	2.70854117647059
2000.45936244964	2.0775294117647
2000.46127574537	4.69011764705882
2000.46127574537	4.16635294117647
2000.46462401289	5.38847058823529
2000.46462401289	3.68623529411764
2000.46462401289	3.22794117647059
2000.47243663712	6.31960784313726
2000.48136535052	1.28564705882353
2000.49962862794	2.8728128342246
2000.50011564867	2.15858823529412
2000.50011564867	1.6959294117647
2000.50480322321	4.28274509803921
2000.50480322321	3.75898039215686
2000.50480322321	3.38070588235294
2000.51006478646	4.96447058823529
2000.53158936342	5.67945098039215
2000.5324264303	6.39235294117647
2000.53716980929	2.02764705882353
2000.53980783825	2.72203208556149
2000.54498243352	4.48643137254902
2000.54498243352	3.96266666666667
2000.54498243352	3.43890196078431
2000.54833070105	5.10476470588235
2000.54833070105	8.53105882352941
2000.5550272361	8.00729411764706
2000.5550272361	7.4835294117647
2000.5550272361	6.95976470588235
2000.56172377115	6.29050980392157
2000.56172377115	5.76674509803921
2000.57679097502	4.952
2000.57958119796	2.8957385620915
2000.57990008058	2.10870588235294
2000.58516164384	4.32639215686274
2000.58516164384	3.80262745098039
2000.58850991136	3.35160784313726
2000.61894870705	2.77361497326203
2000.62422476497	8.38556862745098
2000.62422476497	7.86180392156862
2000.62534085415	4.23909803921568
2000.62534085415	3.71533333333333
2000.62645694333	4.87440522875816
2000.62701498791	3.29341176470588
2000.62868912168	7.34385882352941
2000.62868912168	6.82009411764706
2000.62868912168	6.2963294117647
2000.62868912168	5.77256470588235
2000.62868912168	5.47576470588235
2000.62868912168	1.984
2000.65930185334	2.73223529411764
2000.66552006446	3.75898039215686
2000.66552006446	3.25703921568627
2000.66704200425	4.49965775401069
2000.67221659952	5.2575294117647
2000.67333268869	9.57858823529412
2000.6737385393	5.99952941176471
2000.67556486704	10.2594823529412
2000.67556486704	6.99468235294117
2000.67723900081	9.12029411764706
2000.67723900081	8.5965294117647
2000.67723900081	8.07276470588235
2000.67723900081	7.549
2000.6822614021	6.66878431372549
2000.6822614021	14.1178823529412
2000.6822614021	13.5941176470588
2000.6822614021	13.0703529411765
2000.6822614021	12.5465882352941
2000.6822614021	12.0228235294118
2000.6822614021	11.4990588235294
2000.6822614021	10.9752941176471
2000.70235100725	1.41658823529411
2000.70569927478	4.61009803921568
2000.71172615633	4.00049411764706
2000.71239580983	5.40301960784314
2000.71239580983	2.2895294117647
2000.71239580983	1.78758823529412
2000.71574407736	6.04802614379085
2000.71765737309	2.75717647058823
2000.72148396454	6.648
2000.72169655296	3.36130718954248
2000.72578887994	7.93454901960784
2000.72578887994	7.41078431372549
2000.72578887994	7.09070588235294
2000.72779784045	8.64454117647059
2000.73248541499	9.38217647058823
2000.73415954875	9.97686764705882
2000.74625051482	4.73861437908496
2000.75257502015	13.0703529411765
2000.75409695993	5.61860962566845
2000.75592328767	9.404
2000.75815546602	4.0063137254902
2000.75964358492	10.6649150326797
2000.7599412087	6.52329411764706
2000.76261982272	12.4374705882353
2000.76261982272	11.9137058823529
2000.76261982272	11.3899411764706
2000.76261982272	8.19934117647059
2000.76261982272	7.67557647058823
2000.76261982272	7.19982352941176
2000.76513102337	8.88023529411765
2000.76596809025	9.86956862745098
2000.77333427881	3.18865882352941
2000.77675695228	2.28467973856209
2000.78605769541	1.76576470588235
2000.78757963519	4.93612834224599
2000.79476319098	3.96557647058823
2000.79514585012	5.65035294117647
2000.80614730056	2.95514705882353
2000.81284383562	7.77450980392156
2000.81284383562	7.25074509803921
2000.81284383562	6.72698039215686
2000.81284383562	6.20321568627451
2000.81619210314	8.45346405228758
2000.82288863819	12.372
2000.82288863819	11.8482352941176
2000.82288863819	10.8007058823529
2000.82480193392	9.94023529411765
2000.82623690572	9.24396078431373
2000.82623690572	11.1062352941176
2000.82775884551	4.82105882352941
2000.82958517325	8.67654901960784
2000.8362817083	5.6600522875817
2000.85235339243	7.51844705882353
2000.85235339243	6.99468235294117
2000.85235339243	6.47091764705882
2000.85350136986	8.18188235294117
2000.86306784851	3.0228
2000.86306784851	11.1498823529412
2000.86306784851	10.6261176470588
2000.86306784851	10.1023529411765
2000.8659377921	3.574
2000.86641611604	4.10815686274509
2000.86842507655	8.86277647058823
2000.86842507655	4.79487058823529
2000.86976438356	9.54949019607843
2000.86976438356	5.38847058823529
2000.87646091861	5.95103267973856
2000.87646091861	1.41658823529411
2000.88538963202	1.76576470588235
2000.89320225624	7.42533333333333
2000.89320225624	6.90156862745098
2000.89320225624	3.11882352941176
2000.89431834542	2.51746405228758
2000.89571345689	8.16005882352941
2000.89655052377	6.436
2000.90324705882	3.99176470588235
2000.90324705882	3.49418823529412
2000.90771141553	4.69011764705882
2000.9132918614	5.08294117647059
2000.9132918614	13.9869411764706
2000.9132918614	13.4631764705882
2000.9132918614	12.9394117647059
2000.9132918614	12.4156470588235
2000.9132918614	11.8918823529412
2000.9132918614	11.3681176470588
2000.91481380119	5.70590374331551
2000.91664012893	14.6125490196078
2000.91831426269	8.70564705882353
2000.91887230728	10.8007058823529
2000.91887230728	10.2769411764706
2000.91887230728	9.75317647058823
2000.91887230728	9.22941176470588
2000.93338146656	7.51262745098039
2000.93338146656	6.98886274509804
2000.93338146656	6.46509803921568
2000.93405112006	8.19934117647059
2000.94342626914	1.984
2000.94647014871	4.37665240641711
2000.9514621112	3.82590588235294
2000.95347107172	5.12658823529412
2000.95614968574	5.82494117647059
2000.95681933924	2.58050980392157
2000.96217656728	3.20611764705882
2000.97021240935	9.43309803921568
2000.97021240935	8.85841176470588
2000.97132849852	10.0950784313726
2000.97356067687	7.55627450980392
2000.97356067687	7.03250980392156
2000.97356067687	6.50874509803921
2000.9769089444	8.14914705882353
2000.9813733011	11.2662745098039
2000.98360547945	12.0228235294118
2000.989632361	4.53298823529412
2000.99365028203	5.37392156862745
2000.99365028203	4.952
2000.99532441579	10.6261176470588
2000.99604190169	3.8795294117647
2000.99699854956	6.08682352941176
2000.99699854956	2.37682352941176
2001.00369508461	3.13519117647058
2001.00369508461	9.8579294117647
2001.00503439162	9.17703529411764
2001.00503439162	8.65327058823529
2001.01307023368	1.984
2001.01307023368	7.44861176470588
2001.01307023368	6.92484705882353
2001.01485597636	8.00729411764706
2001.03382949234	5.694
2001.03382949234	5.17023529411765
2001.03382949234	4.64647058823529
2001.03382949234	4.12270588235294
2001.03382949234	3.59894117647059
2001.03643370042	6.35840522875817
2001.03717775987	1.64355294117647
2001.03813440774	2.93176470588235
2001.0405260274	2.33317647058823
2001.04722256245	9.01117647058823
2001.04722256245	8.48741176470588
2001.04833865163	9.66588235294118
2001.05592805802	7.20418823529412
2001.05726736503	6.69788235294118
2001.05949954338	7.89090196078431
2001.06396390008	10.8007058823529
2001.06563803384	10.1678235294118
2001.06731216761	11.1062352941176
2001.06842825678	11.7318431372549
2001.07400870266	5.94715294117647
2001.07400870266	5.2575294117647
2001.07400870266	4.77013725490196
2001.07601766317	4.26237647058824
2001.07903110395	9.22941176470588
2001.07958914854	8.61835294117647
2001.08770616072	3.55926203208556
2001.09409830782	7.19982352941176
2001.09409830782	6.67605882352941
2001.09476796132	2.73909411764706
2001.09648992748	7.92
2001.10749137792	1.95490196078431
2001.11418791297	5.33027450980392
2001.11418791297	4.80650980392156
2001.11418791297	4.28274509803921
2001.11686652699	6.03444705882352
2001.12758098308	8.54560784313726
2001.12825063658	9.61350588235294
2001.12825063658	9.08974117647059
2001.12910292286	3.52355080213903
2001.13018519115	10.3448366013072
2001.13427751813	7.00341176470588
2001.13427751813	1.72211764705882
2001.13539360731	1.30019607843137
2001.13579945792	7.73747593582888
2001.13666913779	2.84447058823529
2001.13762578566	6.52329411764706
2001.13762578566	12.0519215686275
2001.13985796401	12.6047843137255
2001.13985796401	11.1207843137255
2001.14097405318	11.5427058823529
2001.14910556003	2.20847058823529
2001.15436712329	5.24298039215686
2001.15436712329	4.71921568627451
2001.15548321246	5.90253594771242
2001.1563760838	4.25364705882353
2001.16173331185	3.6251294117647
2001.16776019339	9.81137254901961
2001.16776019339	9.28760784313726
2001.16776019339	8.7638431372549
2001.16776019339	8.24007843137255
2001.17278259468	10.5060882352941
2001.17445672844	7.14890196078432
2001.17445672844	6.62513725490196
2001.17512638195	3.08390588235294
2001.17557281762	12.0228235294118
2001.17684834811	7.74541176470588
2001.17780499597	11.353568627451
2001.17780499597	13.856
2001.17780499597	13.3322352941176
2001.17780499597	12.8084705882353
2001.1900819769	2.5586862745098
2001.19566242278	4.7846862745098
2001.19789460113	6.00437908496732
2001.19789460113	1.75121568627451
2001.20124286865	1.1765294117647
2001.20363448832	5.36976470588235
2001.20593044319	3.74734117647058
2001.20905549288	4.38458823529411
2001.21128767123	9.31670588235294
2001.21203173068	8.64745098039215
2001.21463593876	10.4078823529412
2001.21575202793	9.81137254901961
2001.21664489927	6.83755294117647
2001.21798420629	10.9971176470588
2001.21798420629	17.1731764705882
2001.21798420629	16.6494117647059
2001.21798420629	16.1256470588235
2001.21798420629	15.6018823529412
2001.21798420629	15.0781176470588
2001.21798420629	14.5543529411765
2001.21798420629	14.0305882352941
2001.21798420629	13.5068235294118
2001.21798420629	12.9830588235294
2001.21798420629	12.4592941176471
2001.21798420629	11.9355294117647
2001.22021638464	3.08972549019608
2001.22334143433	7.72795294117647
2001.23305141015	2.49685294117647
2001.23723674456	6.16320588235294
2001.24365425732	8.50196078431372
2001.24477034649	5.35937254901961
2001.24811861402	4.12270588235294
2001.24811861402	3.60621568627451
2001.24811861402	9.27305882352941
2001.2492347032	9.95686274509804
2001.25051023368	4.70258823529412
2001.25146688155	11.3244705882353
2001.25146688155	10.8007058823529
2001.25481514907	7.67994117647059
2001.2551871788	6.92096732026144
2001.25704732742	3.19156862745098
2001.27657888799	5.94497058823529
2001.28399290894	5.33858823529412
2001.28494955681	2.31680882352941
2001.28686285254	4.61529411764706
2001.28829782434	4.06450980392156
2001.29651629917	3.3251550802139
2001.30503916197	8.61835294117647
2001.30503916197	8.09458823529412
2001.30503916197	7.57082352941176
2001.309057083	6.99468235294117
2001.309057083	6.47091764705882
2001.31006156326	9.31670588235294
2001.31396787537	1.67847058823529
2001.31843223207	13.7687058823529
2001.31843223207	13.2449411764706
2001.31843223207	12.7211764705882
2001.32512876712	5.41029411764706
2001.32512876712	4.88652941176471
2001.3262448563	2.53686274509803
2001.32646807413	4.3584
2001.32780738114	10.3642352941176
2001.32847703465	9.7095294117647
2001.32847703465	3.88992156862745
2001.32914668815	6.03444705882352
2001.33182530218	12.1974117647059
2001.33182530218	11.6736470588235
2001.33182530218	11.1498823529412
2001.33852183723	1.59117647058823
2001.34856663981	8.31282352941176
2001.34968272898	8.93843137254902
2001.35079881816	3.33705882352941
2001.35191490733	10.1896470588235
2001.35191490733	9.66588235294118
2001.35861144239	7.83270588235294
2001.3599507494	2.68235294117647
2001.36129005641	7.34385882352941
2001.36195970991	6.81427450980392
2001.3662646253	5.24505882352941
2001.37017818475	6.01540106951871
2001.37535278002	4.15180392156863
2001.37646886919	2.40592156862745
2001.37736174053	3.63385882352941
2001.37774439968	4.72752941176471
2001.39592070911	3.28094117647058
2001.40548718775	6.93066666666667
2001.40548718775	6.40690196078431
2001.40883545528	5.33027450980392
2001.4121837228	1.15470588235294
2001.41486233683	5.96461176470588
2001.41553199033	4.16635294117647
2001.41792360999	4.71505882352941
2001.42055439162	1.47660294117647
2001.42222852538	2.02764705882353
2001.42408867401	2.68235294117647
2001.42725092667	3.468
2001.43673768466	6.72698039215686
2001.45236293312	5.23570588235294
2001.45523287671	5.96211764705882
2001.46129164652	2.86664052287581
2001.46352382487	2.22648366013071
2001.46910427075	4.09360784313725
2001.46910427075	3.5698431372549
2001.47245253828	4.77741176470588
2001.49254214343	5.51317647058824
2001.49254214343	1.02376470588235
2001.49589041096	5.86858823529412
2001.49656006446	6.2963294117647
2001.49923867849	1.984
2001.49923867849	9.31670588235294
2001.49923867849	8.79294117647059
2001.49923867849	8.26917647058824
2001.49923867849	7.74541176470588
2001.50210862208	7.00964705882353
2001.50306526994	2.49529411764706
2001.50519115409	3.23521568627451
2001.50816739189	3.58439215686274
2001.51039957024	1.67847058823529
2001.51129244158	4.28856470588235
2001.52602481869	4.79923529411764
2001.53272135375	2.36227450980392
2001.53272135375	1.242
2001.53718571045	5.66975163398693
2001.54209650282	3.0228
2001.54611442385	4.42823529411765
2001.54946269138	1.89670588235294
2001.55057878055	6.29050980392157
2001.55185431104	6.93482352941176
2001.5528109589	3.86567320261437
2001.56352541499	9.47383529411765
2001.56352541499	8.95007058823529
2001.56352541499	8.42630588235294
2001.56352541499	7.90254117647059
2001.5655343755	4.96509411764706
2001.56620402901	7.45443137254902
2001.5690739726	10.2145882352941
2001.57290056406	5.75510588235294
2001.57959709911	6.7415294117647
2001.57959709911	6.26141176470588
2001.57959709911	12.1974117647059
2001.57959709911	11.6736470588235
2001.57959709911	11.1498823529412
2001.58629363417	2.37682352941176
2001.58796776793	2.92241176470588
2001.60080279345	3.99903921568627
2001.6030349718	7.26529411764706
2001.60638323932	4.63192156862745
2001.60638323932	1.984
2001.60861541767	7.94909803921568
2001.61040116035	5.35355294117647
2001.6149930701	3.51788235294117
2001.62360290089	2.83823529411765
2001.63149524577	6.07591176470588
2001.63986591459	6.7328
2001.63986591459	4.77741176470588
2001.63986591459	1.63482352941176
2001.64209809294	5.37392156862745
2001.64321418211	4.26819607843137
2001.64991071716	3.57711764705882
2001.64991071716	10.9752941176471
2001.64991071716	10.4515294117647
2001.64991071716	9.92776470588235
2001.64991071716	9.404
2001.64991071716	8.88023529411765
2001.64991071716	8.35647058823529
2001.64991071716	7.83270588235294
2001.64991071716	7.30894117647059
2001.66330378727	2.13676470588235
2001.66330378727	2.52958823529412
2001.66516393589	3.07517647058823
2001.6800451249	4.02668235294117
2001.6800451249	1.72211764705882
2001.68272373892	5.61543529411765
2001.68339339243	5.08294117647059
2001.68339339243	4.57372549019608
2001.68578501209	6.36117647058823
2001.68674165995	2.79147058823529
2001.69846059629	3.45708823529412
2001.70348299758	8.42194117647059
2001.70348299758	7.89817647058823
2001.70348299758	7.37441176470588
2001.70491796938	9.12964705882353
2001.70683126511	12.5465882352941
2001.70850539887	6.85064705882353
2001.71017953263	12.0228235294118
2001.71017953263	11.4990588235294
2001.71017953263	10.9752941176471
2001.71017953263	10.4515294117647
2001.71017953263	9.92776470588235
2001.72156364222	5.1004
2001.72357260274	5.56305882352941
2001.72692087027	6.21291503267974
2001.73064116752	4.54462745098039
2001.73808176202	3.90447058823529
2001.74031394037	2.70417647058823
2001.74589438625	3.33705882352941
2001.74701047542	16.9985882352941
2001.74701047542	16.4748235294118
2001.74701047542	15.9510588235294
2001.74701047542	15.4272941176471
2001.74701047542	14.9035294117647
2001.74701047542	14.3797647058824
2001.74701047542	13.856
2001.7481265646	2.15858823529412
2001.75035874295	13.2012941176471
2001.75035874295	12.6775294117647
2001.75035874295	12.1537647058824
2001.75102839645	7.36131764705882
2001.75236770346	6.71534117647058
2001.76040354553	11.5863529411765
2001.76040354553	11.0625882352941
2001.76040354553	10.5388235294118
2001.76040354553	10.0150588235294
2001.76040354553	9.49129411764706
2001.76040354553	1.63482352941176
2001.76174285254	9.00244705882352
2001.76174285254	8.47868235294117
2001.76375181305	5.31572549019608
2001.76509112006	6.01698823529411
2001.76576077357	7.95491764705882
2001.77082037783	4.69011764705882
2001.78317176471	3.31087058823529
2001.78384141821	2.76964705882353
2001.785363358	3.95605347593583
2001.78607359656	7.33803921568627
2001.78718968574	6.61058823529412
2001.80058275584	5.45394117647059
2001.80460067687	6.08682352941176
2001.80919258662	2.12741176470588
2001.80951146925	8.32737254901961
2001.81397582595	4.66829411764706
2001.81397582595	1.5475294117647
2001.820672361	3.24976470588235
2001.82290453935	2.84239215686274
2001.82588077715	3.91901960784314
2001.83183325275	10.0441568627451
2001.83573956487	10.6261176470588
2001.83741369863	9.46947058823529
2001.83741369863	8.94570588235294
2001.83741369863	6.84337254901961
2001.84009231265	7.53590588235294
2001.84411023368	7.87635294117647
2001.84411023368	5.72309803921568
2001.84411023368	5.19933333333333
2001.84650185334	6.29882352941176
2001.84745850121	11.3244705882353
2001.84857459038	8.41466666666667
2001.8531983884	4.61529411764706
2001.85861939296	2.79874509803921
2001.86085157131	3.34578823529412
2001.86503690572	3.95357352941176
2001.86922224013	1.77667647058823
2001.87424464142	2.46411764705882
2001.87615793715	7.15929411764706
2001.87960186946	9.22941176470588
2001.88094117647	6.37780392156862
2001.88094117647	10.6261176470588
2001.884289444	5.7958431372549
2001.884289444	5.27207843137255
2001.884289444	10.0150588235294
2001.884289444	8.44376470588235
2001.884289444	7.92
2001.89366459307	4.55044705882353
2001.90529221302	3.65052406417112
2001.90772731668	3.04607843137255
2001.91576315874	6.75025882352941
2001.92000429761	7.39623529411765
2001.92335256514	2.17313725490196
2001.92446865431	5.694
2001.92446865431	5.17023529411765
2001.92686027397	6.29882352941176
2001.93376939744	4.50098039215686
2001.93987068493	7.98983529411765
2001.94120999194	9.01117647058823
2001.94120999194	8.48741176470588
2001.94407993554	9.72823529411765
2001.9450365834	3.69247058823529
2001.95125479452	10.3642352941176
2001.9523708837	3.01698039215686
2001.9523708837	10.7716078431373
2001.95795132957	7.29148235294118
2001.96464786463	5.70854901960784
2001.96464786463	5.18478431372549
2001.96732647865	6.41854117647059
2001.97335336019	4.07905882352941
2001.97373601934	4.62776470588235
2001.97564931507	9.616
2001.97804093473	8.92388235294117
2001.97804093473	8.40011764705882
2001.98004989525	7.90254117647059
2001.98557453666	3.52255882352941
2001.98808573731	1.83850980392156
2001.99210365834	2.33317647058823
2001.99924662906	2.95150980392156
2002.0001395004	7.20418823529412
2002.00482707494	5.75219607843137
2002.00482707494	5.22843137254902
2002.00482707494	16.2784117647059
2002.00482707494	14.8817058823529
2002.00482707494	13.1358235294118
2002.00482707494	11.7391176470588
2002.00482707494	11.1717058823529
2002.00482707494	10.6042941176471
2002.00519910466	6.41660130718954
2002.00594316411	15.5582352941176
2002.00594316411	12.4156470588235
2002.00805801773	17.5735294117647
2002.00817534247	10.0005098039216
2002.00817534247	8.50196078431372
2002.00817534247	7.97819607843137
2002.00817534247	14.2051764705882
2002.00817534247	13.6814117647059
2002.00951464948	9.20322352941176
2002.01420222401	4.54171764705882
2002.01487187752	3.839
2002.0383097502	3.06790196078431
2002.04165801773	7.2119477124183
2002.04333215149	1.63482352941176
2002.04500628525	5.85403921568627
2002.04500628525	5.33027450980392
2002.04584335214	6.47964705882353
2002.04584335214	2.32226470588235
2002.05170282031	3.84627450980392
2002.05170282031	10.6261176470588
2002.05170282031	10.1023529411765
2002.05322476009	4.58695187165775
2002.05337695407	8.53105882352941
2002.05505108783	7.98983529411765
2002.05728326618	9.57858823529412
2002.05728326618	9.05482352941176
2002.07848896052	7.33803921568627
2002.07848896052	3.19738823529411
2002.08183722804	1.67847058823529
2002.08375052377	2.29576470588235
2002.08719445608	5.75510588235294
2002.08719445608	5.23134117647059
2002.09020789686	6.46873529411765
2002.09340397041	4.38062032085561
2002.09523029815	3.70805882352941
2002.09523029815	11.259
2002.09523029815	10.6261176470588
2002.09523029815	12.1101176470588
2002.09857856567	10.146
2002.1019268332	9.64842352941177
2002.1019268332	9.12465882352941
2002.1019268332	8.60089411764706
2002.10527510073	8.09458823529412
2002.12019011061	7.42797860962567
2002.12276049781	3.27401307189542
2002.12536470588	5.86858823529412
2002.12536470588	5.34482352941176
2002.12536470588	4.82105882352941
2002.12871297341	6.49419607843137
2002.13206124093	3.7735294117647
2002.1344528606	4.27858823529412
2002.13540950846	12.4592941176471
2002.13540950846	11.9355294117647
2002.14210604351	9.86665882352941
2002.14545431104	9.28760784313726
2002.14545431104	8.7638431372549
2002.14545431104	8.24007843137255
2002.14545431104	2.52958823529412
2002.15215084609	11.1935294117647
2002.15215084609	10.6697647058824
2002.15215084609	10.146
2002.15549911362	1.90761764705882
2002.15773129197	7.65811764705882
2002.15884738114	7.11980392156863
2002.1610795595	3.04607843137255
2002.1655439162	6.01407843137255
2002.1655439162	5.4903137254902
2002.1655439162	4.96654901960784
2002.16793553586	6.58564705882353
2002.17261248097	4.38943790849673
2002.1789369863	9.22941176470588
2002.1789369863	8.70564705882353
2002.18132860596	3.76729411764706
2002.18496386785	2.60378823529412
2002.18898178888	8.2255294117647
2002.19854826753	3.21235294117647
2002.20572312651	6.75607843137255
2002.20572312651	6.2323137254902
2002.20572312651	5.70854901960784
2002.20572312651	5.18478431372549
2002.2072450663	7.49940106951872
2002.21241966156	10.0441568627451
2002.21576792909	4.54462745098039
2002.21576792909	13.1867450980392
2002.21576792909	12.6629803921569
2002.21576792909	12.1392156862745
2002.21576792909	11.6154509803922
2002.21576792909	11.0916862745098
2002.21576792909	10.6261176470588
2002.2171072361	9.17703529411764
2002.22079033038	8.50923529411764
2002.22150781628	3.96682352941176
2002.22469664249	1.89670588235294
2002.22581273167	2.50776470588235
2002.22916099919	7.94909803921568
2002.22916099919	1.50388235294118
2002.23585753425	3.18741176470588
2002.24590233683	6.26141176470588
2002.24590233683	5.73764705882353
2002.24590233683	5.21388235294117
2002.24858095085	6.94230588235294
2002.25259887188	4.69011764705882
2002.25460783239	7.65811764705882
2002.26096954069	4.06814705882353
2002.26487585281	8.99662745098039
2002.26599194198	11.1498823529412
2002.26599194198	10.6261176470588
2002.26599194198	10.1023529411765
2002.26599194198	9.57858823529412
2002.26599194198	8.50923529411764
2002.26934020951	11.7900392156863
2002.27101434327	8.07276470588235
2002.27603674456	12.5465882352941
2002.28273327961	6.23958823529411
2002.28407258662	5.70272941176471
2002.28407258662	5.17896470588235
2002.28464657534	6.94729411764705
2002.29054590384	3.34433333333333
2002.29516970185	4.66517647058823
2002.30186623691	4.15388235294117
2002.30282288477	2.62415686274509
2002.3061711523	7.54172549019608
2002.31286768735	1.83123529411764
2002.32123835616	8.09458823529412
2002.32626075745	6.07227450980392
2002.32626075745	5.54850980392157
2002.32626075745	2.9296862745098
2002.32737684663	8.67654901960784
2002.32960902498	6.67605882352941
2002.32960902498	3.53347058823529
2002.33184120333	9.25850980392157
2002.33534891217	4.98941176470588
2002.33965382756	3.94811764705882
2002.34076991673	7.35258823529411
2002.34204544722	4.50305882352941
2002.34300209508	11.0625882352941
2002.34300209508	10.5388235294118
2002.34635036261	9.99323529411765
2002.34969863014	2.50776470588235
2002.36309170024	1.53298039215686
2002.36420778942	7.80360784313725
2002.36596164384	3.18117647058823
2002.36643996777	5.51941176470588
2002.36796190755	6.26141176470588
2002.37648477035	9.18576470588235
2002.37648477035	8.662
2002.37983303787	4.28274509803921
2002.37983303787	3.80262745098039
2002.38126800967	6.93482352941176
2002.3831813054	4.87561764705882
2002.3831813054	2.34772549019608
2002.3831813054	7.57082352941176
2002.3876456621	7.97819607843137
2002.38987784045	9.75317647058823
2002.40728883159	6.05190588235294
2002.4086281386	5.38847058823529
2002.41483765292	3.00772192513369
2002.42001224819	4.83560784313725
2002.42001224819	4.3118431372549
2002.42001224819	3.78807843137255
2002.42503464948	2.44229411764706
2002.43139635778	6.71534117647058
2002.43340531829	14.2924705882353
2002.43340531829	13.7687058823529
2002.43340531829	13.2449411764706
2002.43340531829	12.7211764705882
2002.43340531829	12.1974117647059
2002.43340531829	11.6736470588235
2002.43340531829	11.1498823529412
2002.43340531829	10.6261176470588
2002.43340531829	10.1023529411765
2002.43340531829	9.57858823529412
2002.43340531829	9.05482352941176
2002.44345012087	8.50196078431372
2002.44345012087	7.97819607843137
2002.44345012087	7.45443137254902
2002.44478942788	5.28371764705882
2002.44763545528	5.97770588235294
2002.45014665592	1.59117647058823
2002.45818249799	2.75218823529412
2002.4601914585	3.80262745098039
2002.4601914585	3.27886274509804
2002.46171339829	4.53933689839572
2002.4646558152	2.1222156862745
2002.47023626108	6.67605882352941
2002.47023626108	8.53105882352941
2002.47023626108	8.00729411764706
2002.47023626108	7.4835294117647
2002.47358452861	5.91223529411765
2002.48362933118	5.2488
2002.49970101531	4.02668235294117
2002.50037066882	3.51164705882353
2002.50037066882	2.98788235294117
2002.50037066882	2.47866666666667
2002.50148675799	1.35839215686274
2002.50371893634	4.66517647058823
2002.50371893634	2.08220588235294
2002.5238085415	6.38362352941176
2002.5238085415	5.85985882352941
2002.5238085415	5.33609411764705
2002.5238085415	10.0150588235294
2002.5238085415	9.49129411764706
2002.5238085415	8.96752941176471
2002.5238085415	8.44376470588235
2002.52763513296	7.0844705882353
2002.53050507655	7.86180392156862
2002.5372016116	1.06741176470588
2002.53988022562	4.09651764705882
2002.54054987913	3.54074509803921
2002.54255883965	2.99661176470588
2002.54255883965	2.47284705882353
2002.54389814666	4.72752941176471
2002.54724641418	1.40567647058823
2002.55059468171	1.99272941176471
2002.55729121676	5.97043137254902
2002.55896535052	6.58876470588235
2002.56063948429	5.47576470588235
2002.58072908944	7.74541176470588
2002.58072908944	7.22164705882353
2002.58072908944	3.99176470588235
2002.58072908944	3.468
2002.58072908944	2.94423529411764
2002.58072908944	2.4568431372549
2002.58156615633	4.63555882352941
2002.58630953532	8.38556862745098
2002.59523824872	2.13676470588235
2002.59747042707	9.66588235294118
2002.59747042707	9.14211764705882
2002.6008186946	6.52329411764706
2002.6008186946	5.99952941176471
2002.60416696213	5.47576470588235
2002.61756003223	4.29729411764706
2002.61889933924	3.7648
2002.62090829976	7.43988235294118
2002.62090829976	6.91611764705882
2002.62090829976	3.20611764705882
2002.62090829976	2.68235294117647
2002.62258243352	4.952
2002.63095310234	1.26382352941176
2002.63467339959	1.99854901960784
2002.64434617244	2.59505882352941
2002.65439097502	5.63580392156862
2002.65773924255	3.48982352941176
2002.65773924255	2.98788235294117
2002.65965253828	6.26141176470588
2002.66041785657	4.55044705882353
2002.66220359925	3.98449019607843
2002.66347912973	5.07670588235294
2002.67381092667	7.67557647058823
2002.67448058018	7.10525490196078
2002.67687219984	8.38141176470588
2002.6778288477	6.58876470588235
2002.69122191781	9.14211764705882
2002.69122191781	14.9035294117647
2002.69122191781	14.3797647058824
2002.69122191781	13.856
2002.69122191781	13.3322352941176
2002.69122191781	12.8084705882353
2002.69122191781	12.2847058823529
2002.69122191781	11.7609411764706
2002.69122191781	11.2371764705882
2002.69122191781	10.7134117647059
2002.69256122482	9.83872470588235
2002.69494221506	5.81524183006536
2002.69887510073	3.84211764705882
2002.70126672039	4.35549019607843
2002.70210378727	4.97382352941176
2002.70573107709	3.11154901960784
2002.70796325544	2.20223529411765
2002.71800805802	7.62901960784314
2002.71800805802	7.10525490196078
2002.71800805802	6.58149019607843
2002.71800805802	6.05772549019608
2002.72135632554	8.24735294117647
2002.73977179694	4.11179411764706
2002.74296787049	5.31704812834224
2002.74345489122	4.67265882352941
2002.74747281225	8.86277647058823
2002.74814246575	9.42582352941176
2002.75149073328	10.0674352941176
2002.7541693473	6.03444705882352
2002.75483900081	7.03250980392156
2002.75483900081	6.50874509803921
2002.75483900081	3.68623529411764
2002.75550865431	7.53590588235294
2002.75723062047	8.15694117647059
2002.77995100725	4.581
2002.7831470808	5.29324064171123
2002.78329927478	10.2769411764706
2002.78832167607	9.02572549019608
2002.78832167607	8.50196078431372
2002.78832167607	13.5504705882353
2002.78832167607	13.0267058823529
2002.78832167607	12.5029411764706
2002.78832167607	11.9791764705882
2002.78832167607	11.4554117647059
2002.78943776524	14.2051764705882
2002.79033063658	9.54367058823529
2002.79166994359	15.5145882352941
2002.79166994359	14.9908235294118
2002.79501821112	7.26529411764706
2002.79501821112	6.7415294117647
2002.79501821112	6.21776470588235
2002.79501821112	5.73764705882353
2002.79669234488	7.87635294117647
2002.79669234488	2.63870588235294
2002.80171474617	10.8225294117647
2002.80171474617	1.84214705882353
2002.80372370669	3.20611764705882
2002.80993322101	4.03937967914439
2002.82381331185	10.2594823529412
2002.82448296535	5.20515294117647
2002.82515261886	4.54462745098039
2002.82515261886	10.7134117647059
2002.82649192587	9.57858823529412
2002.82649192587	9.05482352941176
2002.82649192587	8.53105882352941
2002.82961697556	11.353568627451
2002.83184915391	13.7687058823529
2002.83184915391	13.2449411764706
2002.83184915391	12.7211764705882
2002.83184915391	12.1974117647059
2002.83452776793	5.89477647058823
2002.83519742143	7.42533333333333
2002.83519742143	6.90156862745098
2002.83519742143	6.37780392156862
2002.8375890411	8.03223529411764
2002.84189395649	1.82032352941176
2002.84619887188	3.12505882352941
2002.84992979855	3.85209411764706
2002.85796564061	2.52522352941176
2002.86265321515	4.5155294117647
2002.86309965082	9.37490196078431
2002.86309965082	8.85113725490196
2002.86332286865	5.17896470588235
2002.86533182917	10.0674352941176
2002.8686800967	10.8443529411765
2002.87011506849	7.42117647058823
2002.87537663175	6.72698039215686
2002.87537663175	6.20321568627451
2002.87537663175	5.73764705882353
2002.87872489927	8.18188235294117
2002.88876970185	3.33705882352941
2002.88988579103	3.99176470588235
2002.89211796938	2.33317647058823
2002.89785785657	2.87564705882353
2002.90283242546	4.55044705882353
2002.90484138598	5.23134117647059
2002.90551103948	1.74394117647059
2002.91555584206	6.78517647058823
2002.91555584206	6.26141176470588
2002.91707778185	7.52320855614973
2002.91722997583	5.82494117647059
2002.92113628794	8.1236862745098
2002.92225237712	8.51650980392157
2002.92426133763	9.5611294117647
2002.92426133763	9.03736470588235
2002.9272747784	10.2332941176471
2002.92783282299	3.82687581699346
2002.9367615364	2.31862745098039
2002.93899371475	10.8552647058824
2002.93899371475	2.92241176470588
2002.93899371475	11.4554117647059
2002.94234198227	4.47188235294118
2002.94234198227	12.7211764705882
2002.9428203062	12.0228235294118
2002.94502059629	5.17023529411765
2002.95573505238	6.81427450980392
2002.95573505238	6.29050980392157
2002.95640470588	5.79002352941177
2002.9584136664	7.51844705882353
2002.9590833199	9.42582352941176
2002.9590833199	8.90205882352941
2002.96243158743	8.34192156862745
2002.96243158743	7.87635294117647
2002.96410572119	10.0368823529412
2002.96912812248	4.02086274509804
2002.96912812248	3.49709803921568
2002.97582465753	1.53661764705882
2002.97783361805	2.02764705882353
2002.97850327156	2.77401176470588
2002.98252119259	4.5155294117647
2002.98586946011	5.12658823529412
2002.98586946011	11.4117647058824
2002.98921772764	0.827352941176471
2002.99256599517	11.9137058823529
2002.99591426269	6.61058823529412
2002.99591426269	6.08682352941176
2002.99591426269	5.65035294117647
2002.99639258662	7.15555294117647
2002.99926253022	12.5029411764706
2003.00261079774	10.888
2003.00461975826	9.32543529411765
2003.00461975826	8.78421176470588
2003.00461975826	8.24298823529411
2003.00595906527	10.3642352941176
2003.00595906527	9.84047058823529
2003.00595906527	7.74541176470588
2003.0093073328	3.17701960784314
2003.01198594682	3.88701176470588
2003.01432973409	1.89670588235294
2003.01935213537	2.55141176470588
2003.0220307494	4.53298823529412
2003.02604867043	5.18478431372549
2003.03274520548	1.32929411764706
2003.03609347301	6.59603921568627
2003.03609347301	6.07227450980392
2003.03676312651	7.30894117647059
2003.03944174053	5.62125490196079
2003.04078104754	8.00729411764706
2003.04279000806	8.99662745098039
2003.04279000806	8.47286274509803
2003.0453012087	9.63314705882353
2003.04613827558	3.15519607843137
2003.05216515713	3.9219294117647
2003.06287961322	4.45005882352941
2003.06287961322	12.6775294117647
2003.06287961322	12.1537647058824
2003.06287961322	11.63
2003.06287961322	11.1062352941176
2003.06399570239	10.3205882352941
2003.06555822724	5.1004
2003.06622788074	2.04947058823529
2003.06718452861	2.57011764705882
2003.07560302981	5.70272941176471
2003.07627268332	6.72698039215686
2003.07627268332	6.20321568627451
2003.0777946231	7.46765775401069
2003.08296921837	8.85841176470588
2003.08296921837	8.33464705882353
2003.08464335214	9.55676470588235
2003.08854966425	3.68138562091503
2003.09301402095	2.98060784313725
2003.10305882353	4.93454117647059
2003.10506778405	4.28856470588235
2003.10640709106	8.35647058823529
2003.11501692184	2.61376470588235
2003.11578224013	1.97527058823529
2003.11645189363	10.2769411764706
2003.11645189363	7.07615686274509
2003.11645189363	6.55239215686274
2003.11645189363	6.02862745098039
2003.11712154714	5.5456
2003.12075680903	7.74541176470588
2003.12091625034	10.9170980392157
2003.12203233951	9.69498039215686
2003.12203233951	9.17121568627451
2003.12203233951	8.64745098039215
2003.12649669621	19.0936470588235
2003.12649669621	18.5698823529412
2003.12649669621	18.0461176470588
2003.12649669621	17.5223529411765
2003.12649669621	16.9985882352941
2003.12649669621	16.4748235294118
2003.12649669621	15.9510588235294
2003.12649669621	15.4272941176471
2003.12872887456	3.64258823529412
2003.12984496374	14.8162352941176
2003.13486736503	3.12973529411764
2003.13988976632	14.2051764705882
2003.13988976632	13.6814117647059
2003.13988976632	13.1576470588235
2003.13988976632	12.6338823529412
2003.13988976632	12.1101176470588
2003.13988976632	11.5863529411765
2003.13988976632	4.25364705882353
2003.14240096696	4.952
2003.1499345689	2.6605294117647
2003.15663110395	6.21776470588235
2003.15663110395	5.694
2003.15930971797	6.92484705882353
2003.16667590653	10.2944
2003.16890808488	10.8734509803922
2003.17002417405	9.78227450980392
2003.17002417405	9.25850980392157
2003.17002417405	8.73474509803921
2003.17002417405	8.21098039215686
2003.17002417405	7.68721568627451
2003.17337244158	3.62388235294117
2003.18341724416	4.48643137254902
2003.18509137792	5.09385294117647
2003.18676551168	3.99176470588235
2003.19681031426	6.29050980392157
2003.19681031426	5.76674509803921
2003.19747996777	6.99468235294117
2003.19747996777	2.33317647058823
2003.20015858179	14.2051764705882
2003.20350684931	3.00243137254902
2003.20589846898	9.77811764705882
2003.20685511684	9.14211764705882
2003.20685511684	8.61835294117647
2003.20685511684	8.09458823529412
2003.20685511684	13.5941176470588
2003.20685511684	13.0703529411765
2003.20685511684	12.5465882352941
2003.20685511684	12.0228235294118
2003.20685511684	11.4990588235294
2003.20685511684	10.8589019607843
2003.20685511684	10.4515294117647
2003.2085292506	7.61447058823529
2003.21020338437	2.18041176470588
2003.21466774107	3.67896078431372
2003.22359645447	4.79196078431373
2003.22359645447	4.28274509803921
2003.22582863282	5.37392156862745
2003.23866365834	5.78129411764706
2003.23899848509	6.2963294117647
2003.24201192587	6.98158823529412
2003.24870846092	3.75170588235294
2003.24926650551	1.95490196078431
2003.24990427075	2.77588235294117
2003.25774878324	10.8181647058824
2003.25774878324	10.2944
2003.25774878324	9.77063529411764
2003.25774878324	9.24687058823529
2003.25774878324	8.72310588235294
2003.25774878324	8.19934117647059
2003.25908809025	7.71049411764706
2003.25959033038	11.5208823529412
2003.26265957561	12.3429019607843
2003.26310601128	4.60282352941176
2003.26628686543	5.30117647058823
2003.27382046736	17.6969411764706
2003.27382046736	17.1731764705882
2003.27382046736	16.6494117647059
2003.27382046736	16.1256470588235
2003.27382046736	15.6018823529412
2003.27679670517	7.06645751633987
2003.27716873489	6.3705294117647
2003.27716873489	6.04317647058823
2003.28721353747	14.9471764705882
2003.28721353747	14.4234117647059
2003.28944571582	13.8850980392157
2003.28944571582	13.3613333333333
2003.28944571582	12.837568627451
2003.290561805	7.61447058823529
2003.290561805	2.02764705882353
2003.29167789417	9.17121568627451
2003.29167789417	8.64745098039215
2003.29167789417	8.1236862745098
2003.29391007252	9.87538823529411
2003.29391007252	3.37343137254902
2003.29725834005	4.10088235294117
2003.29725834005	12.2410588235294
2003.29725834005	11.7172941176471
2003.29725834005	11.1935294117647
2003.29725834005	10.6697647058824
2003.3039548751	5.2575294117647
2003.30479194198	2.70963235294117
2003.30507096428	4.66101960784314
2003.31399967768	6.26141176470588
2003.31734794521	5.86858823529412
2003.31801759871	6.90738823529411
2003.33408928284	10.5388235294118
2003.33408928284	10.0150588235294
2003.33676789686	2.90058823529412
2003.33743755036	9.404
2003.33743755036	8.88023529411765
2003.33791587429	3.40564705882353
2003.34011616438	4.13143529411765
2003.34413408542	4.64647058823529
2003.3456560252	5.21388235294117
2003.34580821918	2.59505882352941
2003.34748235294	8.26917647058824
2003.34748235294	7.74541176470588
2003.36087542305	6.52329411764706
2003.36087542305	6.04317647058823
2003.36422369057	7.13435294117647
2003.36533977975	2.05674509803921
2003.3675719581	1.13288235294117
2003.37426849315	11.5863529411765
2003.37426849315	11.0625882352941
2003.37426849315	10.5388235294118
2003.37426849315	10.0150588235294
2003.37426849315	9.49129411764706
2003.37761676068	3.39161764705882
2003.37761676068	8.96752941176471
2003.38022096875	4.01601307189542
2003.38431329573	4.83560784313725
2003.38431329573	2.92241176470588
2003.38431329573	8.40011764705882
2003.3854293849	5.47576470588235
2003.38766156326	7.81524705882353
2003.39100983078	7.26529411764706
2003.39770636583	6.69788235294118
2003.39770636583	6.17411764705882
2003.41779597099	3.74443137254902
2003.41779597099	3.22066666666667
2003.41779597099	1.15470588235294
2003.41816800072	4.38943790849673
2003.42248354553	4.91708235294118
2003.42449250604	1.80213725490196
2003.42717112006	5.61543529411765
2003.42717112006	2.47284705882353
2003.44048978422	6.52329411764706
2003.44793037873	9.05482352941176
2003.44793037873	4.86470588235294
2003.45239473543	8.47286274509803
2003.45328760677	7.7803294117647
2003.45328760677	7.25656470588235
2003.45596622079	9.50875294117647
2003.45611503268	4.17605228758169
2003.45797518131	3.38070588235294
2003.45797518131	2.85694117647058
2003.45797518131	5.10476470588235
2003.45797518131	10.2769411764706
2003.46020735966	5.76674509803921
2003.46419339243	2.33317647058823
2003.46467171636	6.56694117647059
2003.47387945205	1.74939705882353
2003.49145785657	1.46023529411764
2003.49703830244	2.97333333333333
2003.50485092667	4.64647058823529
2003.50485092667	4.12270588235294
2003.50485092667	3.59894117647059
2003.50485092667	7.83270588235294
2003.5081991942	5.30117647058823
2003.51043137255	2.2555816993464
2003.51757434327	6.69788235294118
2003.51757434327	6.17411764705882
2003.51824399678	7.22164705882353
2003.5215922643	5.65035294117647
2003.54019375056	2.68235294117647
2003.54168186946	7.4835294117647
2003.54168186946	6.95976470588235
2003.54168186946	6.436
2003.54503013699	4.39913725490196
2003.54503013699	3.87537254901961
2003.54503013699	3.36615686274509
2003.54770875101	5.10912941176471
2003.55507493956	2.09311764705882
2003.55842320709	5.73764705882353
2003.57516454472	1.984
2003.57851281225	3.11882352941176
2003.57851281225	2.63870588235294
2003.5852093473	3.62803921568627
2003.58673128709	4.3568128342246
2003.58855761483	6.78517647058823
2003.59190588235	5.11203921568627
2003.59190588235	6.17411764705882
2003.59190588235	5.65035294117647
2003.62299693795	3.69247058823529
2003.63160676873	4.45317647058823
2003.63208509267	3.17883823529412
2003.63543336019	5.24298039215686
2003.63766553854	6.02862745098039
2003.63794456084	2.49685294117647
2003.64079058824	1.96654117647059
2003.64212989525	6.87247058823529
2003.65552296535	0.718235294117648
2003.65820157937	1.47769411764705
2003.6622195004	1.984
2003.66556776793	3.16247058823529
2003.66556776793	2.33317647058823
2003.66757672844	3.97430588235294
2003.67025534247	4.56790588235294
2003.6947455278	5.45082352941176
2003.69793435402	6.13047058823529
2003.69821337631	9.27305882352941
2003.69905044319	8.5601568627451
2003.69905044319	8.03639215686274
2003.69905044319	7.51262745098039
2003.69905044319	6.98886274509804
2003.69905044319	6.49419607843137
2003.69905044319	3.59894117647059
2003.70239871072	11.9573529411765
2003.70239871072	11.4335882352941
2003.70239871072	10.9098235294118
2003.70239871072	10.3860588235294
2003.70431200645	12.6837647058824
2003.70463088907	9.92776470588235
2003.70686306742	13.4777254901961
2003.71152296535	17.9411764705882
2003.7124435133	16.6930588235294
2003.7124435133	16.1692941176471
2003.7124435133	15.6455294117647
2003.7124435133	15.1217647058824
2003.7124435133	14.598
2003.7124435133	14.0742352941176
2003.72114900886	3.90447058823529
2003.72181866237	4.6552
2003.73387242546	5.58924705882353
2003.73922965351	2.56232352941176
2003.74257792103	3.18429411764706
2003.75820316949	3.59894117647059
2003.75931925866	4.03541176470588
2003.76043534784	6.85307189542483
2003.76065856567	4.73376470588235
2003.76099339243	6.15229411764706
2003.76266752619	8.42194117647059
2003.76266752619	7.89817647058823
2003.76266752619	7.45443137254902
2003.76601579371	9.05482352941176
2003.77271232877	10.3205882352941
2003.77382841794	11.0043921568627
2003.77606059629	12.372
2003.77606059629	11.8482352941176
2003.77797389202	5.43835294117647
2003.78610539887	9.66588235294118
2003.79168584475	1.69301960784314
2003.79615020145	2.79874509803921
2003.79615020145	2.33317647058823
2003.79615020145	1.41658823529411
2003.79949846898	6.68042352941177
2003.79949846898	5.97043137254902
2003.79949846898	3.87537254901961
2003.802177083	4.57663529411764
2003.80452087027	9.12029411764706
2003.80786913779	8.46558823529412
2003.80786913779	7.94182352941176
2003.80786913779	7.41805882352941
2003.80858662369	3.41188235294117
2003.80954327156	10.0150588235294
2003.81623980661	5.37755882352941
2003.83967767929	4.07905882352941
2003.84235629331	4.75995294117647
2003.84302594682	6.20321568627451
2003.84704386785	6.90738823529411
2003.84972248187	3.37343137254902
2003.8530707494	9.79682352941176
2003.85418683857	10.4806274509804
2003.85641901692	5.5085
2003.86144141821	2.80783823529412
2003.86311555197	9.18576470588235
2003.86445485898	8.68818823529412
2003.86445485898	8.16442352941176
2003.86445485898	7.64065882352941
2003.86981208703	2.1876862745098
2003.87985688961	6.10137254901961
2003.87985688961	4.0063137254902
2003.88246109768	6.86277124183006
2003.88253550363	4.71630588235294
2003.89101778136	3.46072549019608
2003.89659822724	5.51941176470588
2003.90195545528	2.94423529411764
2003.90552694064	2.37682352941176
2003.90664302981	7.8181568627451
2003.90775911899	8.53105882352941
2003.90865199033	7.3264
2003.91333956487	9.22941176470588
2003.91333956487	1.06741176470588
2003.91400921837	10.5562823529412
2003.91400921837	10.0325176470588
2003.91400921837	9.50875294117647
2003.91445565404	1.69301960784314
2003.91836196616	11.2371764705882
2003.91936644641	4.03541176470588
2003.92171023368	4.71194117647059
2003.92189624855	6.76577777777778
2003.92204506044	6.15665882352941
2003.93677743755	5.694
2003.93677743755	11.8482352941176
2003.93826555645	12.5950849673203
2003.93964738114	3.59894117647059
2003.9434739726	11.2953725490196
2003.9434739726	10.7716078431373
2003.9434739726	14.9908235294118
2003.9434739726	14.4670588235294
2003.94682224013	8.09458823529412
2003.94682224013	7.57082352941176
2003.94682224013	10.146
2003.94682224013	13.8996470588235
2003.94682224013	13.3758823529412
2003.9479383293	9.22941176470588
2003.94849637389	8.70564705882353
2003.95017050766	9.64842352941177
2003.96021531023	6.49419607843137
2003.96021531023	4.39913725490196
2003.96105237712	5.00655882352941
2003.96165028203	7.0844705882353
2003.96490288477	2.33317647058823
2003.97504335214	2.85070588235294
2003.97513032012	3.6187807486631
2003.97561734085	5.74637647058824
2003.97791329573	1.74705882352941
2003.99168902498	8.08585882352941
2003.99168902498	7.50098823529412
2003.9936979855	1.3620294117647
2003.99481407467	8.71292156862745
2003.99704625302	0.630941176470586
2003.99972486704	6.436
2004.00039452055	4.3118431372549
2004.0026266989	7.06160784313725
2004.00299872862	5.0198954248366
2004.01043932313	11.8700588235294
2004.01378759065	2.98788235294117
2004.01378759065	2.46411764705882
2004.01490367983	12.5902352941176
2004.01646620467	3.69496470588235
2004.01904915391	5.88729411764706
2004.02287574537	2.00270588235294
2004.02718066076	1.34020588235294
2004.02904080938	9.58828758169934
2004.03052892828	10.2332941176471
2004.03387719581	8.95298039215686
2004.03387719581	8.42921568627451
2004.03387719581	7.90545098039215
2004.03499328499	10.6261176470588
2004.03722546334	11.3244705882353
2004.04209567065	7.11848128342246
2004.04209567065	5.02342245989305
2004.04258269138	6.41854117647059
2004.04258269138	4.32348235294118
2004.05348847703	3.15
2004.05731506849	5.8795
2004.05731506849	3.78444117647059
2004.05731506849	2.6605294117647
2004.05954724684	12.2265098039216
2004.06401160355	1.3438431372549
2004.06847596025	9.53688104575164
2004.06903400483	2.12585294117647
2004.0707081386	15.0781176470588
2004.0707081386	14.5543529411765
2004.0707081386	14.0305882352941
2004.0707081386	13.5068235294118
2004.0707081386	12.9830588235294
2004.0707081386	11.4117647058824
2004.07405640612	8.18188235294117
2004.07405640612	7.65811764705882
2004.0751724953	10.8298039215686
2004.0751724953	10.3060392156863
2004.07740467365	8.79294117647059
2004.07740467365	1.02376470588235
2004.08075294118	7.11980392156863
2004.08075294118	6.59603921568627
2004.08075294118	4.50825490196078
2004.08186903035	5.16538562091503
2004.09366768735	5.96211764705882
2004.09749427881	3.29341176470588
2004.09749427881	2.76964705882353
2004.09916841257	3.96448529411764
2004.1095480419	9.73571764705882
2004.11423561644	8.00729411764706
2004.11423561644	7.4835294117647
2004.1166272361	8.71811764705882
2004.11758388396	1.76576470588235
2004.11981606232	2.23860784313726
2004.12093215149	4.45005882352941
2004.12236712329	5.08917647058823
2004.12715036261	6.71035294117647
2004.12874477572	2.74054901960784
2004.13097695407	3.16247058823529
2004.13097695407	16.824
2004.13097695407	16.3002352941176
2004.13097695407	15.7764705882353
2004.13599935536	14.8598823529412
2004.13767348912	14.2051764705882
2004.13767348912	13.6814117647059
2004.13767348912	13.1576470588235
2004.13767348912	12.5465882352941
2004.13767348912	12.0228235294118
2004.13767348912	11.4990588235294
2004.138510556	3.80080882352941
2004.14035210314	10.9403764705882
2004.14035210314	10.4166117647059
2004.14437002417	9.84047058823529
2004.14437002417	9.31670588235294
2004.14604415794	5.96679411764706
2004.1477182917	7.35258823529411
2004.14883438088	7.86180392156862
2004.15106655923	8.54851764705882
2004.15106655923	6.75607843137255
2004.15910240129	4.63774117647058
2004.15999527263	5.2575294117647
2004.16732957293	2.27705882352941
2004.17651339243	1.60863529411764
2004.17785269944	4.24819117647059
2004.17785269944	1.12560784313725
2004.17919200645	3.05771764705882
2004.18454923449	3.54438235294117
2004.18454923449	20.0393333333333
2004.18789750201	10.888
2004.19124576954	10.3060392156863
2004.19124576954	21.8870588235294
2004.19124576954	21.3632941176471
2004.19124576954	20.8395294117647
2004.19124576954	19.2682352941176
2004.19124576954	18.7444705882353
2004.19124576954	18.2207058823529
2004.19124576954	17.6969411764706
2004.19124576954	17.1731764705882
2004.19124576954	16.6494117647059
2004.19124576954	16.1256470588235
2004.19124576954	15.6018823529412
2004.19124576954	15.0781176470588
2004.19124576954	14.5543529411765
2004.19124576954	14.0305882352941
2004.19124576954	13.5068235294118
2004.19124576954	12.9830588235294
2004.19124576954	12.4592941176471
2004.19124576954	11.9355294117647
2004.19124576954	11.4117647058824
2004.19794230459	2.53686274509803
2004.20062091861	9.77063529411764
2004.20062091861	9.24687058823529
2004.20129057212	8.69109803921568
2004.20129057212	8.16733333333333
2004.20129057212	7.64356862745098
2004.20129057212	7.11980392156863
2004.20129057212	6.59603921568627
2004.20129057212	6.07227450980392
2004.20129057212	5.54850980392157
2004.20129057212	5.02474509803921
2004.21468364222	4.32457352941176
2004.2247284448	3.16247058823529
2004.22568509267	3.76729411764706
2004.23588933656	8.96752941176471
2004.23588933656	8.44376470588235
2004.23588933656	7.92
2004.23812151491	9.66588235294118
2004.23812151491	15.1654117647059
2004.23812151491	14.6416470588235
2004.23812151491	14.1178823529412
2004.23812151491	13.5941176470588
2004.24146978243	2.58050980392157
2004.24146978243	13.0703529411765
2004.24146978243	12.5465882352941
2004.24146978243	12.0228235294118
2004.24146978243	11.4990588235294
2004.24146978243	10.9752941176471
2004.24146978243	10.4515294117647
2004.24347874295	7.44861176470588
2004.24347874295	6.92484705882353
2004.24347874295	6.40108235294118
2004.24347874295	5.87731764705882
2004.24347874295	5.35355294117647
2004.24347874295	4.82978823529412
2004.26155938759	3.43890196078431
2004.26308132738	4.18222459893048
2004.26490765512	2.33317647058823
2004.26586430298	1.69094117647059
2004.27830072522	7.36131764705882
2004.27830072522	6.83755294117647
2004.28117066882	7.99482352941176
2004.28164899275	6.27596078431373
2004.28164899275	5.75219607843137
2004.28164899275	5.22843137254902
2004.28231864625	2.79147058823529
2004.28365795326	4.72503529411764
2004.28499726027	8.73474509803921
2004.2883455278	9.84047058823529
2004.2883455278	9.31670588235294
2004.30173859791	3.40980392156862
2004.30508686543	4.06935947712418
2004.32182820306	2.25315686274509
2004.32335014285	4.99961497326203
2004.32517647059	2.8278431372549
2004.32517647059	8.44376470588235
2004.33522127317	7.25074509803921
2004.33522127317	6.72698039215686
2004.33522127317	6.20321568627451
2004.33522127317	5.67945098039215
2004.33856954069	7.90060130718954
2004.34191780822	3.55529411764706
2004.34303389739	8.90933333333333
2004.34526607575	4.22454901960784
2004.3519626108	5.03929411764706
2004.3519626108	9.66588235294118
2004.35754305667	1.7803137254902
2004.36200741338	2.23860784313726
2004.3646860274	2.91804705882353
2004.38246904826	4.22454901960784
2004.38410597905	3.60767058823529
2004.39348112812	1.87051764705882
2004.40218662369	2.39864705882353
2004.40330271287	5.14598692810457
2004.40404677232	3.04122875816993
2004.41223142627	5.98498039215686
2004.41446360462	6.87247058823529
2004.41892796132	7.57082352941176
2004.42143916197	4.42823529411765
2004.42227622885	3.81717647058823
2004.42562449637	6.52329411764706
2004.42785667472	1.7803137254902
2004.43566929895	9.404
2004.43566929895	8.88023529411765
2004.43566929895	8.35647058823529
2004.43806091861	5.21388235294117
2004.44035687349	2.49030588235294
2004.44370514102	3.097
2004.44571410153	10.4515294117647
2004.44571410153	9.92776470588235
2004.44954069299	5.93717647058823
2004.45575890411	7.26529411764706
2004.45910717164	7.94909803921568
2004.46133934999	6.75607843137255
2004.46245543916	4.09360784313725
2004.46293376309	4.69011764705882
2004.46312509267	3.59021176470588
2004.46580370669	9.31670588235294
2004.46580370669	8.79294117647059
2004.47250024174	6.26141176470588
2004.47250024174	5.73764705882353
2004.47737044905	2.1308128342246
2004.48366113349	5.03929411764706
2004.48455400483	3.00534117647058
2004.50196499597	3.79971764705882
2004.505982917	4.45317647058823
2004.51602771958	2.08438823529411
2004.51746269138	1.36047058823529
2004.52272425463	2.726
2004.5251158743	3.28094117647058
2004.53276905721	5.24298039215686
2004.53444319098	5.99952941176471
2004.5434835133	3.74734117647058
2004.54549247381	4.39331764705882
2004.54616212732	6.54511764705882
2004.55285866237	1.242
2004.55434678127	2.0179477124183
2004.56442540473	2.96407486631016
2004.57897514907	5.30117647058823
2004.5829930701	4.06450980392156
2004.58366272361	3.57275294117647
2004.58538468977	6.02447058823529
2004.58538468977	4.67764705882352
2004.58634133763	6.62804705882353
2004.58968960516	14.4670588235294
2004.58968960516	13.9432941176471
2004.58968960516	13.4195294117647
2004.58968960516	12.8957647058824
2004.58968960516	12.372
2004.58968960516	11.8482352941176
2004.58968960516	11.3244705882353
2004.59303787268	10.6843137254902
2004.59303787268	10.1605490196078
2004.59303787268	9.63678431372549
2004.59303787268	9.11301960784314
2004.59303787268	8.58925490196079
2004.59973440774	8.09458823529412
2004.59973440774	7.57082352941176
2004.59973440774	7.13435294117647
2004.60308267526	2.42047058823529
2004.61238341839	3.17701960784314
2004.61982401289	1.37294117647059
2004.62233521354	4.5155294117647
2004.62317228042	3.87537254901961
2004.62317228042	1.84578431372549
2004.62919916197	5.56305882352941
2004.62986881547	5.06111764705882
2004.63098490465	6.29050980392157
2004.633217083	7.09070588235294
2004.63656535052	2.56596078431372
2004.65181856925	3.11882352941176
2004.66335149073	3.74443137254902
2004.66402114424	7.65811764705882
2004.66536045125	4.46315294117647
2004.67004802579	5.694
2004.67004802579	5.17023529411765
2004.67172215955	2.45320588235294
2004.67190817441	6.34870588235294
2004.67339629331	1.76576470588235
2004.67674456084	8.35647058823529
2004.6784186946	8.98935294117647
2004.68511522965	3.29341176470588
2004.68678936342	7.02523529411765
2004.696834166	9.75317647058823
2004.70018243352	7.79997058823529
2004.70241461187	10.3933333333333
2004.70487000806	4.5155294117647
2004.70687896857	5.12658823529412
2004.7102272361	5.57760784313726
2004.71290585012	6.2876
2004.71692377115	14.0742352941176
2004.71692377115	13.5504705882353
2004.71692377115	13.0267058823529
2004.71692377115	12.5029411764706
2004.71692377115	11.9791764705882
2004.71692377115	11.4554117647059
2004.71692377115	10.9316470588235
2004.71803986033	14.6998431372549
2004.71844571094	3.7735294117647
2004.72514224599	8.68977540106952
2004.72622451428	7.12465359477124
2004.73366510878	10.1896470588235
2004.73366510878	9.66588235294118
2004.73701337631	7.90545098039215
2004.73701337631	1.89670588235294
2004.73812946548	2.44956862745098
2004.74036164384	3.14064705882353
2004.74638852538	4.53298823529412
2004.75040644641	5.35937254901961
2004.75040644641	4.952
2004.7519283862	6.09475935828877
2004.75710298147	3.7735294117647
2004.76312986301	6.87247058823529
2004.76547365028	8.46558823529412
2004.76631071716	7.58173529411765
2004.7693799624	9.15666666666667
2004.77719258662	4.77741176470588
2004.78054085415	3.72988235294118
2004.78556325544	5.73764705882353
2004.7872373892	4.33124183006536
2004.7872373892	3.31766013071895
2004.7872373892	11.4699607843137
2004.7872373892	10.9461960784314
2004.7872373892	10.422431372549
2004.7872373892	5.21388235294117
2004.78891152297	6.34870588235294
2004.79058565673	9.86229411764706
2004.79225979049	12.0664705882353
2004.79225979049	2.44229411764706
2004.79616610261	1.38749019607843
2004.79728219178	1.984
2004.81067526189	13.6814117647059
2004.81067526189	13.1576470588235
2004.81067526189	12.6338823529412
2004.81179135106	14.321568627451
2004.81290744024	7.36713725490196
2004.81402352941	8.44376470588235
2004.81402352941	7.92
2004.81402352941	15.6018823529412
2004.81402352941	15.0781176470588
2004.81402352941	11.9355294117647
2004.81402352941	11.4117647058824
2004.81498017728	9.06729411764706
2004.81569766317	6.82882352941176
2004.81737179694	10.888
2004.81737179694	10.3642352941176
2004.81737179694	9.84047058823529
2004.83411313457	6.16866176470588
2004.83506978243	4.92082352941177
2004.83829846898	5.57397058823529
2004.84214897663	1.75703529411764
2004.84415793715	4.10451960784314
2004.84415793715	2.85694117647058
2004.84415793715	2.33317647058823
2004.84750620467	1.28564705882353
2004.85324609186	3.42435294117647
2004.85420273973	9.22941176470588
2004.85755100725	7.89090196078431
2004.85755100725	7.36713725490196
2004.85755100725	6.84337254901961
2004.86022962127	8.60962352941176
2004.86536363148	10.1023529411765
2004.86536363148	9.57858823529412
2004.86759580983	10.8007058823529
2004.86759580983	14.2051764705882
2004.86759580983	13.6814117647059
2004.87094407736	13.1576470588235
2004.87094407736	12.6338823529412
2004.87094407736	12.1101176470588
2004.87094407736	11.5863529411765
2004.87764061241	5.63580392156862
2004.87764061241	5.11203921568627
2004.87764061241	4.58827450980392
2004.88098887994	6.27111111111111
2004.88517421434	4.10633823529411
2004.89103368251	3.33705882352941
2004.90107848509	7.01796078431373
2004.90442675262	2.61688235294118
2004.90777502015	9.2003137254902
2004.90777502015	14.7289411764706
2004.90777502015	14.2051764705882
2004.90777502015	13.6814117647059
2004.90777502015	13.1576470588235
2004.90777502015	12.6338823529412
2004.90777502015	10.5388235294118
2004.90911432716	9.89284705882353
2004.91112328767	8.68382352941176
2004.91112328767	8.16005882352941
2004.91112328767	11.9791764705882
2004.91112328767	11.4554117647059
2004.91112328767	10.9316470588235
2004.91223937685	7.7163137254902
2004.91542820306	6.17411764705882
2004.91781982272	5.56305882352941
2004.91781982272	5.03929411764706
2004.92451635778	4.21
2004.93647445608	3.40564705882353
2004.93647445608	2.12117647058823
2004.93790942788	7.13435294117647
2004.94125769541	1.55844117647059
2004.94711716358	2.73691176470588
2004.95799903304	5.12658823529412
2004.95799903304	4.60282352941176
2004.95952097282	5.86462032085561
2004.96421724416	3.90447058823529
2004.97139210314	10.5242745098039
2004.97139210314	10.0005098039216
2004.97139210314	9.47674509803921
2004.97139210314	8.95298039215686
2004.97139210314	8.42921568627451
2004.97139210314	7.90545098039215
2004.97139210314	7.3816862745098
2004.97139210314	6.68697058823529
2004.97407071716	11.2109882352941
2004.9787582917	3.22357647058823
2004.98366908407	12.0446470588235
2004.98478517325	1.99491176470588
2004.98478517325	1.613
2004.98813344077	2.53395294117647
2004.98813344077	15.0781176470588
2004.98813344077	14.5543529411765
2004.98813344077	14.0305882352941
2004.98813344077	13.5068235294118
2004.98813344077	12.9830588235294
2004.99482997583	15.6237058823529
2005.00152651088	16.8676470588235
2005.00152651088	16.2565882352941
2005.00599086758	8.69109803921568
2005.00599086758	8.13823529411765
2005.00822304593	9.18576470588235
2005.00822304593	7.61447058823529
2005.00822304593	7.09070588235294
2005.00822304593	6.56694117647059
2005.01157131346	5.46121568627451
2005.01157131346	4.93745098039215
2005.01157131346	4.4136862745098
2005.01157131346	3.88992156862745
2005.01268740263	2.5223137254902
2005.01358027397	5.99952941176471
2005.01826784851	12.4374705882353
2005.02012799713	3.22066666666667
2005.05108087027	11.0975058823529
2005.05108087027	10.5737411764706
2005.05108087027	10.0499764705882
2005.05175052377	9.52039215686274
2005.05175052377	8.99662745098039
2005.05175052377	8.47286274509803
2005.05175052377	7.94909803921568
2005.05175052377	7.42533333333333
2005.05175052377	6.90156862745098
2005.05175052377	6.37780392156862
2005.05175052377	5.85403921568627
2005.05175052377	5.33027450980392
2005.05175052377	4.80650980392156
2005.05175052377	4.30456862745098
2005.05286661295	11.8288366013072
2005.05286661295	12.5465882352941
2005.0550987913	3.79535294117647
2005.0550987913	13.5286470588235
2005.0550987913	13.0048823529412
2005.05701208703	14.2425882352941
2005.06346946011	2.42047058823529
2005.06715255439	3.13628235294117
2005.07184012893	1.96217647058823
2005.08188493151	14.598
2005.08456354553	15.2177882352941
2005.08523319903	12.372
2005.08858146656	10.9054588235294
2005.08858146656	6.29050980392157
2005.08858146656	5.76674509803921
2005.08858146656	5.24298039215686
2005.09006958546	11.6348496732026
2005.09126008058	6.80263529411764
2005.09192973409	10.4078823529412
2005.09192973409	9.88411764705882
2005.09192973409	9.36035294117647
2005.09192973409	8.83658823529412
2005.09192973409	8.31282352941176
2005.09192973409	7.78905882352941
2005.09192973409	7.29439215686274
2005.09192973409	4.82105882352941
2005.09192973409	4.29729411764706
2005.09192973409	3.7735294117647
2005.09192973409	13.2012941176471
2005.09192973409	12.6775294117647
2005.09259938759	13.7861647058824
2005.09527800161	16.1256470588235
2005.12206414182	1.62027450980392
2005.12693434913	3.15850267379679
2005.12876067687	2.40301176470588
2005.13009998388	8.58343529411765
2005.13009998388	8.0596705882353
2005.13009998388	7.53590588235294
2005.13009998388	3.89574117647058
2005.1321089444	9.05482352941176
2005.1321089444	6.95976470588235
2005.1321089444	6.436
2005.1321089444	5.91223529411765
2005.1321089444	5.38847058823529
2005.1321089444	4.86470588235294
2005.1321089444	4.34094117647059
2005.13768939028	9.72407843137255
2005.15554681708	14.1469803921569
2005.15554681708	13.6232156862745
2005.15554681708	13.0994509803922
2005.15554681708	12.5756862745098
2005.15554681708	12.0519215686275
2005.15554681708	11.5281568627451
2005.15554681708	11.0043921568627
2005.15722095085	14.7725882352941
2005.16224335214	10.4733529411765
2005.16224335214	18.7444705882353
2005.16224335214	18.2207058823529
2005.16224335214	17.6969411764706
2005.16224335214	17.1731764705882
2005.16224335214	16.6494117647059
2005.16224335214	16.1256470588235
2005.16224335214	15.6018823529412
2005.16670770884	9.92776470588235
2005.16670770884	9.404
2005.16989653505	4.59658823529412
2005.17228815471	8.83658823529412
2005.17228815471	7.75996078431373
2005.17228815471	7.23619607843137
2005.17228815471	6.71243137254902
2005.17228815471	6.18866666666667
2005.17228815471	5.66490196078431
2005.17228815471	5.14113725490196
2005.17295780822	8.25171764705882
2005.17786860059	1.62027450980392
2005.17831503626	3.97867058823529
2005.18568122482	2.52958823529412
2005.18568122482	2.06038235294118
2005.18998614021	3.22482352941177
2005.20242256245	9.404
2005.20376186946	10.0848941176471
2005.2091190975	8.92388235294117
2005.2091190975	8.40011764705882
2005.2091190975	7.87635294117647
2005.2091190975	11.4117647058824
2005.2091190975	10.888
2005.21179771152	7.36131764705882
2005.21246736503	6.84337254901961
2005.21246736503	6.31960784313726
2005.21246736503	5.7958431372549
2005.21246736503	5.27207843137255
2005.21246736503	4.7483137254902
2005.21916390008	4.09542647058823
2005.22418630137	3.14064705882353
2005.23925350524	2.15858823529412
2005.24483395111	2.79874509803921
2005.25063761483	8.56597647058823
2005.25063761483	8.04221176470588
2005.25063761483	7.51844705882353
2005.25063761483	6.99468235294117
2005.25063761483	6.47091764705882
2005.25063761483	5.94715294117647
2005.25264657534	5.38847058823529
2005.25264657534	4.86470588235294
2005.25264657534	4.34094117647059
2005.255038195	9.26682352941176
2005.25599484287	3.78225882352941
2005.26269137792	2.11494117647059
2005.26603964545	2.50776470588235
2005.26670929895	10.0325176470588
2005.26855084609	10.7352352941176
2005.27876306205	3.11882352941176
2005.27943271555	12.5902352941176
2005.2816648939	13.2594901960784
2005.28278098308	12.0053647058824
2005.28278098308	11.4816
2005.28501316143	10.888
2005.2861292506	8.81476470588235
2005.2861292506	8.291
2005.28724533978	14.2051764705882
2005.28836142896	9.46219607843137
2005.28947751813	7.74541176470588
2005.28947751813	7.22164705882353
2005.28947751813	6.72407058823529
2005.28947751813	20.2284705882353
2005.28947751813	19.7047058823529
2005.28947751813	19.1809411764706
2005.28947751813	18.6571764705882
2005.28947751813	18.1334117647059
2005.28947751813	17.6096470588235
2005.28947751813	17.0858823529412
2005.28947751813	16.5621176470588
2005.28947751813	16.0383529411765
2005.28947751813	15.5145882352941
2005.28947751813	14.9908235294118
2005.29170969648	6.13047058823529
2005.29215613215	5.56305882352941
2005.29282578566	10.2332941176471
2005.31291539081	4.13725490196078
2005.31291539081	3.61349019607843
2005.3144373306	4.87264171122994
2005.31961192587	2.80965686274509
2005.32630846092	2.04947058823529
2005.32831742143	1.46023529411764
2005.33560920405	5.75704575163399
2005.34304979855	17.9588235294118
2005.34304979855	17.4350588235294
2005.34304979855	16.9112941176471
2005.34304979855	8.00729411764706
2005.34639806608	16.1692941176471
2005.34639806608	15.6455294117647
2005.34639806608	15.1217647058824
2005.34639806608	14.598
2005.34639806608	14.0742352941176
2005.34639806608	13.5504705882353
2005.34639806608	13.0267058823529
2005.34639806608	12.5029411764706
2005.34639806608	11.9791764705882
2005.34639806608	11.4554117647059
2005.34639806608	10.9316470588235
2005.34639806608	10.4078823529412
2005.34639806608	9.88411764705882
2005.34639806608	9.36035294117647
2005.34639806608	8.83658823529412
2005.34639806608	8.31282352941176
2005.3497463336	7.30894117647059
2005.3497463336	6.61058823529412
2005.35197851195	6.17411764705882
2005.35309460113	4.53735294117647
2005.35376425463	4.02668235294117
2005.35376425463	3.52910588235294
2005.35644286865	5.24298039215686
2005.36648767123	2.92241176470588
2005.38322900886	11.9355294117647
2005.38322900886	11.4117647058824
2005.38694930612	2.00824836601307
2005.38992554392	10.7134117647059
2005.38992554392	10.1896470588235
2005.38992554392	9.66588235294118
2005.39327381144	4.28638235294118
2005.39327381144	3.65713725490196
2005.39662207897	9.09847058823529
2005.39662207897	8.57470588235294
2005.39662207897	8.05094117647059
2005.39662207897	7.52717647058823
2005.39662207897	7.00341176470588
2005.39796138598	6.52329411764706
2005.39796138598	5.99952941176471
2005.39796138598	5.47576470588235
2005.39796138598	4.952
2005.39885425732	1.53298039215686
2005.40034237622	2.99273202614379
2005.40331861402	2.37682352941176
2005.42340821918	9.14211764705882
2005.42340821918	8.61835294117647
2005.42340821918	8.09458823529412
2005.42340821918	7.57082352941176
2005.42340821918	7.04705882352941
2005.42340821918	6.52329411764706
2005.42340821918	5.99952941176471
2005.42340821918	5.47576470588235
2005.43345302176	3.49709803921568
2005.43382505148	4.14695424836601
2005.43871458501	1.93411764705882
2005.44014955681	4.90835294117647
2005.44200970543	2.87149019607843
2005.45689089444	2.42047058823529
2005.46693569702	9.53494117647059
2005.46693569702	9.01117647058823
2005.46693569702	8.48741176470588
2005.46693569702	7.96364705882353
2005.46805178619	10.1896470588235
2005.4725161429	7.39623529411765
2005.4725161429	6.87247058823529
2005.4725161429	6.34870588235294
2005.47363223207	3.59894117647059
2005.47515417186	4.34094117647059
2005.47865463336	1.88579411764706
2005.48032876712	5.73764705882353
2005.48032876712	5.21388235294117
2005.48032876712	4.77741176470588
2005.48300738114	2.83075294117647
2005.50544077357	2.28407352941176
2005.50711490733	4.73376470588235
2005.51381144239	3.35160784313726
2005.51533338217	4.09493048128342
2005.51548557615	5.14841176470588
2005.5158204029	5.75510588235294
2005.51715970991	6.61058823529412
2005.52385624496	0.892823529411764
2005.52906466112	1.66392156862745
2005.53724931507	2.94423529411764
2005.54282976095	2.23133333333333
2005.55599961322	3.79971764705882
2005.56403545528	6.11592156862745
2005.56403545528	1.613
2005.5673837228	4.64647058823529
2005.56890566259	5.38847058823529
2005.57073199033	4.22454901960784
2005.57073199033	7.92
2005.57073199033	7.39623529411765
2005.57073199033	6.87247058823529
2005.57675887188	2.92677647058823
2005.58278575342	2.29825882352941
2005.59751813054	3.68138562091503
2005.60756293312	4.23182352941176
2005.61024154714	4.87343529411765
2005.61928186946	2.34954411764706
2005.62263013699	3.05880882352941
2005.62876862745	1.85305882352941
2005.63195745367	6.87247058823529
2005.63367941982	6.20903529411764
2005.63367941982	5.68527058823529
2005.63518614021	3.74079411764706
2005.64104560838	7.57082352941176
2005.64774214343	4.38458823529411
2005.65276454472	5.03929411764706
2005.65778694601	1.63482352941176
2005.66113521354	2.92241176470588
2005.67118001612	2.17313725490196
2005.67229610529	3.80262745098039
2005.67404995971	6.92235294117647
2005.67452828364	6.33415686274509
2005.67452828364	5.81766666666667
2005.68122481869	7.90545098039215
2005.68323377921	7.39623529411765
2005.68859100725	4.42823529411765
2005.68875842063	5.08294117647059
2005.6946178888	11.5718039215686
2005.6946178888	11.0480392156863
2005.6946178888	10.5242745098039
2005.6946178888	10.0005098039216
2005.6946178888	9.47674509803921
2005.6946178888	8.95298039215686
2005.6946178888	8.42921568627451
2005.69662684932	12.1799529411765
2005.70912704808	12.9539607843137
2005.71359140478	6.90156862745098
2005.71359140478	2.05674509803921
2005.71470749396	6.21776470588235
2005.71470749396	5.694
2005.71501188191	3.73781818181818
2005.71805576148	3.11882352941176
2005.71805576148	2.62415686274509
2005.72379564867	7.83270588235294
2005.72810056406	4.60282352941176
2005.73144883159	5.2575294117647
2005.73144883159	4.13725490196078
2005.73144883159	11.7609411764706
2005.73144883159	11.2371764705882
2005.73144883159	10.7134117647059
2005.73814536664	9.49129411764706
2005.74260972334	10.0005098039216
2005.74484190169	8.90205882352941
2005.74707408004	8.41466666666667
2005.75488670427	6.52329411764706
2005.75488670427	5.99952941176471
2005.75756531829	7.22164705882353
2005.7582349718	3.89355882352941
2005.76493150685	4.42823529411765
2005.7671636852	4.89380392156862
2005.76761012087	7.7803294117647
2005.7716280419	5.52486764705882
2005.78278893366	8.18188235294117
2005.78310781628	8.85529411764706
2005.78903903304	2.35063529411764
2005.79097358761	3.08002614379085
2005.79171764706	9.54949019607843
2005.79171764706	1.64209803921568
2005.79506591459	10.1314509803922
2005.79506591459	6.36325490196078
2005.79674004835	6.98158823529412
2005.79953027129	3.90447058823529
2005.80176244964	11.0407647058824
2005.80176244964	10.6261176470588
2005.80176244964	7.63629411764706
2005.80511071716	12.6920784313725
2005.80511071716	12.1683137254902
2005.80511071716	11.6445490196078
2005.80678485093	13.3322352941176
2005.80778933118	4.37585882352941
2005.80845898469	4.87925490196079
2005.80998092447	5.62654545454545
2005.81180725222	17.3477647058824
2005.81180725222	16.824
2005.81180725222	16.3002352941176
2005.81180725222	15.7764705882353
2005.81515551974	15.0344705882353
2005.81515551974	14.5107058823529
2005.81515551974	13.9869411764706
2005.82520032232	8.11204705882353
2005.82520032232	9.57858823529412
2005.82668844122	8.8317385620915
2005.83007052963	3.12279144385027
2005.83055755036	6.8899294117647
2005.83189685737	2.47502941176471
2005.83189685737	9.98596078431373
2005.8352451249	6.26141176470588
2005.83763674456	3.85458823529412
2005.83859339243	10.7134117647059
2005.84261131346	7.53590588235294
2005.848638195	5.11203921568627
2005.848638195	4.58827450980392
2005.85198646253	5.75947058823529
2005.85198646253	4.13725490196078
2005.86270091861	2.00145882352941
2005.86984388934	2.44956862745098
2005.87006710717	3.03152941176471
2005.87609398872	9.15957647058823
2005.87609398872	8.63581176470588
2005.87609398872	8.11204705882353
2005.87802854329	6.74637908496732
2005.87877260274	3.73611764705882
2005.88164254633	9.87788235294118
2005.88658522697	7.57082352941176
2005.88881740532	4.93745098039215
2005.88881740532	4.4136862745098
2005.8903393451	5.68209625668449
2005.89216567284	2.20223529411765
2005.89216567284	12.7211764705882
2005.89216567284	12.1974117647059
2005.89216567284	11.6736470588235
2005.8943978512	10.5388235294118
2005.90555874295	11.0189411764706
2005.91392941176	2.63870588235294
2005.91560354553	8.74929411764706
2005.91560354553	8.2255294117647
2005.91560354553	3.01698039215686
2005.91712548531	6.87247058823529
2005.91712548531	3.72988235294118
2005.91761250604	9.28178823529412
2005.91761250604	6.1392
2005.92062594682	9.97141176470588
2005.92469170024	7.68305882352941
2005.92899661563	5.01019607843137
2005.92899661563	4.48643137254902
2005.93234488316	5.65035294117647
2005.93904141821	2.14403921568627
2005.94573795326	9.22941176470588
2005.94908622079	2.99879411764706
2005.95392260722	8.56985620915033
2005.95578275584	7.78905882352941
2005.95721772764	9.67835294117647
2005.95730469563	6.95976470588235
2005.95779171636	6.24395294117647
2005.9581743755	3.80470588235294
2005.9669436476	4.33366666666667
2005.96917582595	4.82105882352941
2005.97051513296	5.51068235294117
2005.98256889605	3.11882352941176
2005.98591716358	1.56207843137255
2005.99127439162	2.5121294117647
2005.99512489927	3.57711764705882
2005.99797092667	6.19157647058823
2005.99931023368	12.5029411764706
2005.99931023368	11.8918823529412
2006.00935503626	4.80650980392156
2006.00935503626	4.30456862745098
2006.00935503626	7.99638235294118
2006.01079000806	8.73682352941176
2006.01186623691	5.41575
2006.01939983884	9.88411764705882
2006.01939983884	9.43309803921568
2006.02207845286	10.6784941176471
2006.02207845286	6.75025882352941
2006.02274810637	7.41078431372549
2006.02944464142	2.20223529411765
2006.03614117647	3.24249019607843
2006.03815013699	2.66489411764706
2006.03881979049	6.08682352941176
2006.03881979049	3.93938823529411
2006.039489444	11.4990588235294
2006.04953424658	4.49370588235294
2006.0522128606	5.12658823529412
2006.0528825141	9.57858823529412
2006.05623078163	8.03639215686274
2006.05775272141	8.76913368983957
2006.06292731668	6.91611764705882
2006.06531893634	7.50847058823529
2006.06850776256	2.60960784313725
2006.07297211926	10.0587058823529
2006.07297211926	3.23230588235294
2006.07632038678	5.7958431372549
2006.07743647596	3.94326797385621
2006.07775535858	6.39858823529411
2006.08301692184	8.96752941176471
2006.08301692184	8.44376470588235
2006.08636518936	9.49129411764706
2006.08636518936	7.92
2006.08636518936	7.39623529411765
2006.08971345689	4.64647058823529
2006.09306172442	5.26844117647059
2006.09975825947	2.07675
2006.11315132957	1.50388235294118
2006.11612756737	6.19351633986928
2006.1164995971	3.39525490196078
2006.1164995971	2.87149019607843
2006.11835974572	4.05966013071895
2006.1292230137	4.67265882352941
2006.13324093473	5.32057516339869
2006.13658920226	2.15858823529412
2006.13993746978	6.78517647058823
2006.14328573731	10.6697647058824
2006.14663400483	11.3244705882353
2006.15065192587	10.1110823529412
2006.15333053989	9.62223529411764
2006.15333053989	9.09847058823529
2006.15333053989	8.57470588235294
2006.15333053989	8.05094117647059
2006.15333053989	7.52717647058823
2006.15333053989	12.1101176470588
2006.15667880741	3.2643137254902
2006.15667880741	2.76964705882353
2006.15734846092	3.97430588235294
2006.1609837228	6.02447058823529
2006.16969984779	5.23328104575163
2006.17150684932	6.95976470588235
2006.17208083803	4.60282352941176
2006.17533344077	2.18976470588235
2006.18681321515	9.31670588235294
2006.18681321515	8.79294117647059
2006.18681321515	8.26917647058824
2006.18681321515	7.74541176470588
2006.19446639807	2.94423529411764
2006.19685801773	3.49709803921568
2006.20020628525	4.13361764705882
2006.20355455278	2.00582352941176
2006.20422420629	6.2963294117647
2006.21471544453	2.64598039215686
2006.21694762288	4.99564705882353
2006.21694762288	7.65811764705882
2006.22029589041	5.66975163398693
2006.22029589041	4.47188235294118
2006.22029589041	9.75317647058823
2006.22364415794	8.61835294117647
2006.22364415794	8.09458823529412
2006.22587633629	9.28760784313726
2006.22632277196	7.12562352941176
2006.22833173247	10.3467764705882
2006.23703722804	3.3006862745098
2006.24038549557	3.95296732026144
2006.2444034166	6.436
2006.25664850927	2.75094117647059
2006.2571268332	4.69011764705882
2006.2571268332	2.14767647058823
2006.25913579371	5.21388235294117
2006.26238839645	5.86235294117647
2006.26717163578	11.4117647058824
2006.26717163578	10.888
2006.27788609186	3.45054117647059
2006.27833252753	10.2478431372549
2006.27833252753	9.72407843137255
2006.27833252753	9.2003137254902
2006.27833252753	8.67654901960784
2006.27833252753	8.15278431372549
2006.27833252753	7.62901960784314
2006.27982064643	4.04996078431373
2006.28056470588	7.09070588235294
2006.28056470588	6.56694117647059
2006.28726124093	2.37682352941176
2006.29981724416	3.06972058823529
2006.30400257857	5.31572549019608
2006.30400257857	4.82833333333333
2006.30735084609	5.96211764705882
2006.31596067687	4.01670588235294
2006.32744045125	11.2371764705882
2006.32744045125	10.7134117647059
2006.32877975826	8.84531764705882
2006.32877975826	8.32155294117647
2006.32877975826	7.79778823529412
2006.32877975826	7.27402352941176
2006.33078871878	6.7415294117647
2006.33162578566	9.53494117647059
2006.33190480795	10.1896470588235
2006.34418178888	5.93405882352941
2006.34976223476	5.11203921568627
2006.35087832393	4.54462745098039
2006.35422659146	8.26917647058824
2006.35422659146	7.74541176470588
2006.35422659146	7.22164705882353
2006.35422659146	6.69788235294118
2006.35534268063	2.93696078431373
2006.35709653505	3.44305882352941
2006.35757485898	4.0063137254902
2006.37163758259	2.35936470588235
2006.39291768287	4.59312418300654
2006.39663798012	5.56305882352941
2006.3977540693	3.88992156862745
2006.3977540693	3.36615686274509
2006.3977540693	2.84239215686274
2006.40445060435	4.99564705882353
2006.40445060435	2.16404411764706
2006.41784367446	1.43841176470588
2006.43458501209	2.59505882352941
2006.43793327961	3.64258823529412
2006.43860293312	4.3584
2006.43904936879	1.93307843137255
2006.44032489927	3.07517647058823
2006.44128154714	6.67605882352941
2006.44128154714	6.15229411764706
2006.44128154714	5.61543529411765
2006.44128154714	1.59117647058823
2006.44262085415	7.23910588235294
2006.44462981467	5.03929411764706
2006.45969701853	7.94182352941176
2006.47141595488	9.27305882352941
2006.47141595488	8.74929411764706
2006.47208560838	2.97042352941176
2006.47699640075	9.92776470588235
2006.47811248993	3.52619607843137
2006.47963442971	4.23777540106952
2006.48146075745	5.02183529411765
2006.48815729251	10.7134117647059
2006.49708600591	7.09070588235294
2006.49753244158	6.36616470588235
2006.49753244158	5.8424
2006.49820209508	2.80601960784314
2006.49820209508	5.36664705882353
2006.50155036261	7.96364705882353
2006.51896135375	4.00922352941176
2006.52030066076	3.36324705882353
2006.52275605694	4.80650980392156
2006.53280085952	2.77934640522875
2006.53335890411	5.67217647058823
2006.53670717164	6.39235294117647
2006.5383813054	2.18041176470588
2006.54172957292	5.1556862745098
2006.54842610798	10.4515294117647
2006.54842610798	9.92776470588235
2006.54842610798	9.404
2006.54842610798	8.88023529411765
2006.54842610798	8.35647058823529
2006.54842610798	7.83270588235294
2006.54842610798	7.30894117647059
2006.55512264303	1.41658823529411
2006.55914056406	4.00922352941176
2006.56047987107	3.36324705882353
2006.56516744561	4.79923529411764
2006.57270104754	2.82420588235294
2006.58190878324	2.07614379084967
2006.60065908139	3.72988235294118
2006.6019983884	1.41658823529411
2006.60869492345	8.70564705882353
2006.60869492345	8.18188235294117
2006.61204319097	4.57372549019608
2006.61204319097	2.50776470588235
2006.61356513076	5.30911229946524
2006.6153914585	4.10815686274509
2006.6153914585	3.11882352941176
2006.61762363685	7.62901960784314
2006.61762363685	7.10525490196078
2006.61873972603	6.58876470588235
2006.61873972603	6.065
2006.6198558152	2.10039215686274
2006.64217759871	1.242
2006.64552586624	4.03541176470588
2006.64552586624	3.51164705882353
2006.64552586624	2.98788235294117
2006.64552586624	1.80941176470588
2006.64753482675	2.41174117647059
2006.65155274778	4.68138823529412
2006.66561547139	7.33803921568627
2006.66896373892	15.9510588235294
2006.66896373892	15.4272941176471
2006.66896373892	14.9035294117647
2006.67030304593	6.64550588235294
2006.67030304593	6.13047058823529
2006.67298165995	5.61543529411765
2006.67566027397	5.10476470588235
2006.67566027397	11.1498823529412
2006.67566027397	10.6261176470588
2006.67566027397	10.1023529411765
2006.67566027397	9.57858823529412
2006.67566027397	9.05482352941176
2006.67566027397	8.48741176470588
2006.67566027397	7.96364705882353
2006.67833888799	11.8482352941176
2006.68235680903	14.2051764705882
2006.68235680903	13.6814117647059
2006.68235680903	13.1576470588235
2006.68235680903	12.6338823529412
2006.68235680903	2.42047058823529
2006.68235680903	1.74394117647059
2006.69392355139	4.56711229946524
2006.69574987913	3.32250980392157
2006.69574987913	2.85694117647058
2006.70077228042	3.92629411764706
2006.70914294923	6.40108235294118
2006.71063106814	7.12465359477124
2006.710817083	9.05482352941176
2006.71249121676	5.85403921568627
2006.71249121676	5.33027450980392
2006.71249121676	8.42194117647059
2006.71249121676	7.89817647058823
2006.73295285164	4.63192156862745
2006.73688573731	2.98164705882353
2006.73927735697	3.71242352941176
2006.74932215955	2.45866176470588
2006.74932215955	1.9185294117647
2006.75066146656	5.92969411764706
2006.75936696213	5.39938235294117
2006.76606349718	10.1896470588235
2006.76606349718	9.66588235294118
2006.76606349718	9.14211764705882
2006.76606349718	8.61835294117647
2006.76941176471	8.09458823529412
2006.76941176471	7.57082352941176
2006.76941176471	11.2371764705882
2006.76941176471	10.7134117647059
2006.77536424031	4.21484967320261
2006.77945656728	6.94521568627451
2006.77945656728	6.42145098039215
2006.78364190169	3.31523529411765
2006.78376148268	5.03929411764706
2006.79619790492	5.92314705882353
2006.79619790492	5.30117647058823
2006.80289443997	2.70963235294117
2006.8048077357	2.06505882352941
2006.81446118233	4.16635294117647
2006.81762681708	8.39138823529411
2006.81762681708	7.86762352941176
2006.81762681708	7.34385882352941
2006.81762681708	6.82009411764706
2006.81796164384	8.96752941176471
2006.8196357776	4.90835294117647
2006.8210707494	3.29341176470588
2006.82968058018	2.62415686274509
2006.8330288477	2.04947058823529
2006.83369850121	5.44084705882353
2006.83563305578	6.18381699346405
2006.84642191781	9.404
2006.84709157131	9.98014117647059
2006.85168348106	3.64258823529412
2006.85579706688	4.30602352941176
2006.85981498791	8.28372549019608
2006.85981498791	7.75996078431373
2006.85981498791	7.23619607843137
2006.86182394843	6.75025882352941
2006.86220660757	8.88023529411765
2006.86220660757	4.98941176470588
2006.8740451249	6.14138235294118
2006.87521701853	5.59797647058823
2006.87906752619	3.20611764705882
2006.88102068225	2.55141176470588
2006.88994939565	22.76
2006.88994939565	22.2362352941176
2006.88994939565	21.7124705882353
2006.88994939565	21.1887058823529
2006.88994939565	20.6649411764706
2006.88994939565	19.0936470588235
2006.88994939565	18.5698823529412
2006.88994939565	18.0461176470588
2006.88994939565	17.5223529411765
2006.88994939565	16.9985882352941
2006.88994939565	16.4748235294118
2006.89329766317	8.64017647058823
2006.89329766317	8.11641176470588
2006.89329766317	15.7328235294118
2006.89329766317	15.2090588235294
2006.89329766317	14.6852941176471
2006.89329766317	14.1615294117647
2006.89329766317	13.6377647058824
2006.89329766317	13.114
2006.89329766317	12.5902352941176
2006.89329766317	12.0664705882353
2006.89329766317	11.5427058823529
2006.89329766317	11.0189411764706
2006.89413473006	4.21545588235294
2006.89473263497	9.36658823529411
2006.89798523771	7.6232
2006.89798523771	7.09943529411765
2006.89999419823	4.60282352941176
2006.9011102874	5.1896339869281
2006.90200315874	6.5931294117647
2006.90334246575	10.4515294117647
2006.90334246575	20.0102352941176
2006.9055746441	9.98596078431373
2006.91386559226	5.99952941176471
2006.92259500403	2.73691176470588
2006.92438871878	3.468
2006.92678033844	4.25364705882353
2006.93012860596	8.67654901960784
2006.93012860596	8.15278431372549
2006.93012860596	7.62901960784314
2006.93012860596	7.10525490196078
2006.93012860596	6.58149019607843
2006.93012860596	5.01019607843137
2006.93012860596	9.75317647058823
2006.93180273973	9.31670588235294
2006.93180273973	5.65035294117647
2006.93459296266	10.3933333333333
2006.93682514102	12.8084705882353
2006.93682514102	12.2847058823529
2006.93682514102	11.7609411764706
2006.93682514102	11.2371764705882
2006.93682514102	2.33317647058823
2006.94017340854	1.64573529411765
